"Label (Grouping)","Occupied housing units","RACE AND HISPANIC OR LATINO ORIGIN OF HOUSEHOLDER","RACE AND HISPANIC OR LATINO ORIGIN OF HOUSEHOLDER!!One race --","RACE AND HISPANIC OR LATINO ORIGIN OF HOUSEHOLDER!!One race --!!White","RACE AND HISPANIC OR LATINO ORIGIN OF HOUSEHOLDER!!One race --!!Black or African American","RACE AND HISPANIC OR LATINO ORIGIN OF HOUSEHOLDER!!One race --!!American Indian and Alaska Native","RACE AND HISPANIC OR LATINO ORIGIN OF HOUSEHOLDER!!One race --!!Asian","RACE AND HISPANIC OR LATINO ORIGIN OF HOUSEHOLDER!!One race --!!Native Hawaiian and Other Pacific Islander","RACE AND HISPANIC OR LATINO ORIGIN OF HOUSEHOLDER!!One race --!!Some other race","RACE AND HISPANIC OR LATINO ORIGIN OF HOUSEHOLDER!!Two or more races","Hispanic or Latino origin","White alone, not Hispanic or Latino","AGE OF HOUSEHOLDER","AGE OF HOUSEHOLDER!!Under 35 years","AGE OF HOUSEHOLDER!!35 to 44 years","AGE OF HOUSEHOLDER!!45 to 54 years","AGE OF HOUSEHOLDER!!55 to 64 years","AGE OF HOUSEHOLDER!!65 to 74 years","AGE OF HOUSEHOLDER!!75 to 84 years","AGE OF HOUSEHOLDER!!85 years and over","EDUCATIONAL ATTAINMENT OF HOUSEHOLDER","EDUCATIONAL ATTAINMENT OF HOUSEHOLDER!!Less than high school graduate","EDUCATIONAL ATTAINMENT OF HOUSEHOLDER!!High school graduate (includes equivalency)","EDUCATIONAL ATTAINMENT OF HOUSEHOLDER!!Some college or associate's degree","EDUCATIONAL ATTAINMENT OF HOUSEHOLDER!!Bachelor's degree or higher","YEAR HOUSEHOLDER MOVED INTO UNIT","YEAR HOUSEHOLDER MOVED INTO UNIT!!Moved in 2010 or later","YEAR HOUSEHOLDER MOVED INTO UNIT!!Moved in 2000 to 2009","YEAR HOUSEHOLDER MOVED INTO UNIT!!Moved in 1990 to 1999","YEAR HOUSEHOLDER MOVED INTO UNIT!!Moved in 1980 to 1989","YEAR HOUSEHOLDER MOVED INTO UNIT!!Moved in 1970 to 1979","YEAR HOUSEHOLDER MOVED INTO UNIT!!Moved in 1969 or earlier"
"Alabama","","","","","","","","","","","","","","","","","","","","","","","","","","","","","","","",""
"    Occupied housing units","","","","","","","","","","","","","","","","","","","","","","","","","","","","","","","",""
"        Estimate","1,842,174","","","71.4%","25.3%","0.5%","1.0%","0.0%","0.8%","1.0%","2.6%","69.7%","","19.1%","17.1%","20.2%","19.5%","13.7%","7.8%","2.7%","","14.9%","28.8%","31.6%","24.7%","","23.2%","40.5%","17.3%","8.1%","6.1%","4.9%"
"        Margin of Error","±5,671","","","±0.1","±0.1","±0.1","±0.1","±0.1","±0.1","±0.1","±0.1","±0.1","","±0.1","±0.1","±0.1","±0.1","±0.1","±0.1","±0.1","","±0.2","±0.3","±0.2","±0.2","","±0.2","±0.2","±0.2","±0.1","±0.1","±0.1"
"    Owner-occupied housing units","","","","","","","","","","","","","","","","","","","","","","","","","","","","","","","",""
"        Estimate","1,274,196","","","78.1%","19.2%","0.5%","0.8%","0.0%","0.4%","0.9%","1.7%","77.0%","","10.8%","15.6%","21.7%","22.5%","16.8%","9.5%","3.1%","","12.9%","28.5%","30.4%","28.2%","","10.5%","41.2%","22.5%","10.8%","8.4%","6.6%"
"        Margin of Error","±6,461","","","±0.2","±0.2","±0.1","±0.1","±0.1","±0.1","±0.1","±0.1","±0.2","","±0.2","±0.2","±0.2","±0.2","±0.1","±0.1","±0.1","","±0.2","±0.3","±0.3","±0.2","","±0.2","±0.3","±0.2","±0.2","±0.1","±0.1"
"    Renter-occupied housing units","","","","","","","","","","","","","","","","","","","","","","","","","","","","","","","",""
"        Estimate","567,978","","","56.2%","39.1%","0.5%","1.5%","0.0%","1.4%","1.2%","4.6%","53.4%","","37.7%","20.3%","16.8%","12.6%","6.8%","3.9%","2.0%","","19.4%","29.5%","34.3%","16.8%","","51.6%","38.9%","5.5%","1.9%","1.0%","1.1%"
"        Margin of Error","±3,897","","","±0.4","±0.4","±0.1","±0.1","±0.1","±0.1","±0.1","±0.2","±0.4","","±0.4","±0.3","±0.3","±0.3","±0.2","±0.1","±0.1","","±0.4","±0.5","±0.5","±0.4","","±0.5","±0.5","±0.2","±0.1","±0.1","±0.1"
"Alaska","","","","","","","","","","","","","","","","","","","","","","","","","","","","","","","",""
"    Occupied housing units","","","","","","","","","","","","","","","","","","","","","","","","","","","","","","","",""
"        Estimate","251,678","","","74.7%","3.5%","11.4%","3.9%","0.7%","1.0%","4.8%","4.7%","71.8%","","24.1%","18.2%","22.4%","20.6%","9.7%","4.0%","1.1%","","7.0%","24.0%","40.0%","29.0%","","29.3%","42.1%","15.3%","8.3%","3.7%","1.3%"
"        Margin of Error","±1,303","","","±0.4","±0.2","±0.2","±0.2","±0.1","±0.1","±0.3","±0.2","±0.4","","±0.4","±0.3","±0.3","±0.3","±0.2","±0.2","±0.1","","±0.3","±0.5","±0.6","±0.6","","±0.6","±0.7","±0.4","±0.3","±0.2","±0.1"
"    Owner-occupied housing units","","","","","","","","","","","","","","","","","","","","","","","","","","","","","","","",""
"        Estimate","159,415","","","79.9%","1.8%","10.6%","3.4%","0.3%","0.7%","3.5%","3.4%","77.5%","","13.1%","17.3%","25.1%","25.4%","12.7%","5.1%","1.3%","","5.9%","22.2%","37.9%","33.9%","","13.5%","44.8%","21.8%","12.2%","5.6%","2.0%"
"        Margin of Error","±1,498","","","±0.5","±0.2","±0.3","±0.3","±0.1","±0.1","±0.3","±0.3","±0.5","","±0.5","±0.4","±0.5","±0.4","±0.4","±0.2","±0.1","","±0.4","±0.6","±0.7","±0.7","","±0.6","±0.8","±0.6","±0.4","±0.3","±0.2"
"    Renter-occupied housing units","","","","","","","","","","","","","","","","","","","","","","","","","","","","","","","",""
"        Estimate","92,263","","","65.7%","6.4%","12.9%","4.8%","1.5%","1.5%","7.2%","7.0%","61.8%","","43.0%","19.8%","17.6%","12.4%","4.4%","1.9%","0.9%","","8.8%","27.1%","43.5%","20.6%","","56.7%","37.4%","3.9%","1.5%","0.5%","0.1%"
"        Margin of Error","±1,413","","","±0.9","±0.5","±0.5","±0.4","±0.3","±0.3","±0.5","±0.5","±1.0","","±0.9","±0.8","±0.8","±0.7","±0.4","±0.2","±0.2","","±0.6","±0.9","±1.2","±0.9","","±1.0","±1.0","±0.3","±0.2","±0.1","±0.1"
"Arizona","","","","","","","","","","","","","","","","","","","","","","","","","","","","","","","",""
"    Occupied housing units","","","","","","","","","","","","","","","","","","","","","","","","","","","","","","","",""
"        Estimate","2,387,246","","","83.5%","4.0%","3.2%","2.6%","0.1%","4.7%","1.8%","21.8%","67.4%","","20.3%","17.7%","19.0%","18.1%","14.0%","7.9%","2.8%","","11.7%","21.2%","37.0%","30.1%","","32.5%","43.7%","14.6%","5.2%","2.7%","1.3%"
"        Margin of Error","±8,050","","","±0.1","±0.1","±0.1","±0.1","±0.1","±0.1","±0.1","±0.1","±0.1","","±0.1","±0.1","±0.1","±0.1","±0.1","±0.1","±0.1","","±0.1","±0.2","±0.2","±0.2","","±0.2","±0.2","±0.2","±0.1","±0.1","±0.1"
"    Owner-occupied housing units","","","","","","","","","","","","","","","","","","","","","","","","","","","","","","","",""
"        Estimate","1,513,294","","","87.4%","2.1%","2.8%","2.4%","0.1%","3.8%","1.4%","17.8%","74.1%","","10.5%","15.3%","20.2%","21.7%","18.6%","10.5%","3.2%","","9.5%","19.8%","35.8%","35.0%","","15.7%","49.4%","21.3%","7.7%","4.1%","1.9%"
"        Margin of Error","±9,450","","","±0.2","±0.1","±0.1","±0.1","±0.1","±0.1","±0.1","±0.2","±0.2","","±0.2","±0.2","±0.2","±0.2","±0.1","±0.1","±0.1","","±0.2","±0.2","±0.3","±0.3","","±0.2","±0.3","±0.2","±0.1","±0.1","±0.1"
"    Renter-occupied housing units","","","","","","","","","","","","","","","","","","","","","","","","","","","","","","","",""
"        Estimate","873,952","","","76.9%","7.2%","4.0%","2.9%","0.2%","6.4%","2.4%","28.8%","55.8%","","37.4%","21.9%","16.9%","11.9%","6.1%","3.4%","2.2%","","15.5%","23.7%","39.0%","21.8%","","61.5%","33.9%","3.2%","0.9%","0.3%","0.2%"
"        Margin of Error","±5,463","","","±0.3","±0.2","±0.1","±0.1","±0.1","±0.2","±0.1","±0.3","±0.4","","±0.4","±0.3","±0.3","±0.2","±0.2","±0.1","±0.1","","±0.3","±0.4","±0.4","±0.4","","±0.4","±0.4","±0.1","±0.1","±0.1","±0.1"
"Arkansas","","","","","","","","","","","","","","","","","","","","","","","","","","","","","","","",""
"    Occupied housing units","","","","","","","","","","","","","","","","","","","","","","","","","","","","","","","",""
"        Estimate","1,132,488","","","80.5%","14.9%","0.6%","1.1%","0.1%","1.4%","1.4%","4.4%","77.7%","","20.6%","16.9%","19.3%","18.7%","13.7%","8.0%","2.9%","","14.6%","32.5%","31.0%","21.9%","","26.3%","41.6%","16.3%","7.4%","5.1%","3.4%"
"        Margin of Error","±4,067","","","±0.2","±0.1","±0.1","±0.1","±0.1","±0.1","±0.1","±0.1","±0.1","","±0.2","±0.1","±0.2","±0.2","±0.1","±0.1","±0.1","","±0.2","±0.3","±0.3","±0.3","","±0.3","±0.3","±0.2","±0.1","±0.1","±0.1"
"    Owner-occupied housing units","","","","","","","","","","","","","","","","","","","","","","","","","","","","","","","",""
"        Estimate","753,620","","","86.2%","10.1%","0.6%","0.9%","0.0%","1.0%","1.3%","3.2%","84.1%","","11.6%","15.4%","20.6%","22.0%","17.2%","9.9%","3.2%","","12.7%","32.1%","29.9%","25.3%","","11.9%","43.6%","22.1%","10.4%","7.3%","4.8%"
"        Margin of Error","±4,673","","","±0.2","±0.2","±0.1","±0.1","±0.1","±0.1","±0.1","±0.1","±0.2","","±0.2","±0.2","±0.2","±0.2","±0.2","±0.1","±0.1","","±0.2","±0.4","±0.4","±0.3","","±0.2","±0.3","±0.3","±0.2","±0.2","±0.1"
"    Renter-occupied housing units","","","","","","","","","","","","","","","","","","","","","","","","","","","","","","","",""
"        Estimate","378,868","","","69.3%","24.3%","0.7%","1.5%","0.3%","2.1%","1.7%","6.8%","64.8%","","38.6%","19.8%","16.7%","12.0%","6.7%","4.0%","2.1%","","18.4%","33.4%","33.2%","15.0%","","54.9%","37.6%","4.7%","1.5%","0.8%","0.7%"
"        Margin of Error","±3,729","","","±0.4","±0.4","±0.1","±0.1","±0.1","±0.2","±0.2","±0.2","±0.4","","±0.5","±0.4","±0.4","±0.4","±0.3","±0.2","±0.1","","±0.5","±0.6","±0.6","±0.5","","±0.6","±0.6","±0.2","±0.1","±0.1","±0.1"
"California","","","","","","","","","","","","","","","","","","","","","","","","","","","","","","","",""
"    Occupied housing units","","","","","","","","","","","","","","","","","","","","","","","","","","","","","","","",""
"        Estimate","12,617,280","","","67.4%","6.5%","0.7%","12.7%","0.3%","9.4%","3.0%","28.0%","50.3%","","19.3%","19.7%","21.5%","18.4%","11.4%","6.6%","3.0%","","14.9%","17.8%","32.4%","34.9%","","27.6%","40.9%","16.0%","7.6%","4.8%","3.0%"
"        Margin of Error","±20,413","","","±0.1","±0.1","±0.1","±0.1","±0.1","±0.1","±0.1","±0.1","±0.1","","±0.1","±0.1","±0.1","±0.1","±0.1","±0.1","±0.1","","±0.1","±0.1","±0.1","±0.1","","±0.1","±0.1","±0.1","±0.1","±0.1","±0.1"
"    Owner-occupied housing units","","","","","","","","","","","","","","","","","","","","","","","","","","","","","","","",""
"        Estimate","6,908,925","","","72.6%","4.2%","0.6%","13.3%","0.2%","6.6%","2.5%","21.9%","58.4%","","8.3%","16.6%","23.8%","23.2%","15.5%","8.9%","3.7%","","10.6%","16.0%","32.1%","41.2%","","12.0%","40.0%","22.6%","12.1%","8.0%","5.2%"
"        Margin of Error","±34,460","","","±0.1","±0.1","±0.1","±0.1","±0.1","±0.1","±0.1","±0.1","±0.1","","±0.1","±0.1","±0.1","±0.1","±0.1","±0.1","±0.1","","±0.1","±0.1","±0.1","±0.1","","±0.1","±0.1","±0.1","±0.1","±0.1","±0.1"
"    Renter-occupied housing units","","","","","","","","","","","","","","","","","","","","","","","","","","","","","","","",""
"        Estimate","5,708,355","","","61.1%","9.3%","0.9%","12.0%","0.4%","12.8%","3.6%","35.3%","40.5%","","32.7%","23.4%","18.9%","12.6%","6.5%","3.7%","2.1%","","20.1%","19.9%","32.7%","27.3%","","46.5%","42.0%","8.0%","2.2%","0.9%","0.4%"
"        Margin of Error","±17,527","","","±0.1","±0.1","±0.1","±0.1","±0.1","±0.1","±0.1","±0.1","±0.1","","±0.1","±0.1","±0.1","±0.1","±0.1","±0.1","±0.1","","±0.1","±0.1","±0.1","±0.1","","±0.2","±0.2","±0.1","±0.1","±0.1","±0.1"
"Colorado","","","","","","","","","","","","","","","","","","","","","","","","","","","","","","","",""
"    Occupied housing units","","","","","","","","","","","","","","","","","","","","","","","","","","","","","","","",""
"        Estimate","1,998,314","","","87.4%","3.7%","0.8%","2.4%","0.1%","3.4%","2.2%","15.4%","76.5%","","22.7%","19.0%","20.3%","18.8%","11.1%","5.8%","2.4%","","7.9%","19.4%","33.0%","39.7%","","29.8%","43.4%","15.2%","5.8%","3.7%","2.2%"
"        Margin of Error","±5,078","","","±0.1","±0.1","±0.1","±0.1","±0.1","±0.1","±0.1","±0.1","±0.1","","±0.1","±0.1","±0.1","±0.1","±0.1","±0.1","±0.1","","±0.1","±0.2","±0.2","±0.3","","±0.2","±0.2","±0.2","±0.1","±0.1","±0.1"
"    Owner-occupied housing units","","","","","","","","","","","","","","","","","","","","","","","","","","","","","","","",""
"        Estimate","1,295,048","","","90.9%","2.2%","0.6%","2.3%","0.1%","2.2%","1.7%","11.5%","82.4%","","11.9%","18.5%","22.8%","23.1%","14.1%","7.1%","2.3%","","5.5%","17.8%","30.9%","45.8%","","13.8%","47.6%","21.6%","8.4%","5.5%","3.2%"
"        Margin of Error","±6,834","","","±0.1","±0.1","±0.1","±0.1","±0.1","±0.1","±0.1","±0.1","±0.2","","±0.2","±0.2","±0.2","±0.2","±0.1","±0.1","±0.1","","±0.1","±0.2","±0.2","±0.3","","±0.2","±0.3","±0.2","±0.1","±0.1","±0.1"
"    Renter-occupied housing units","","","","","","","","","","","","","","","","","","","","","","","","","","","","","","","",""
"        Estimate","703,266","","","80.8%","6.3%","1.2%","2.5%","0.2%","5.8%","3.1%","22.6%","65.6%","","42.5%","19.9%","15.7%","10.9%","5.5%","3.3%","2.4%","","12.4%","22.3%","36.8%","28.5%","","59.2%","35.7%","3.5%","1.0%","0.4%","0.3%"
"        Margin of Error","±4,658","","","±0.3","±0.2","±0.1","±0.1","±0.1","±0.2","±0.2","±0.3","±0.3","","±0.4","±0.3","±0.3","±0.2","±0.2","±0.1","±0.1","","±0.2","±0.3","±0.4","±0.4","","±0.4","±0.4","±0.1","±0.1","±0.1","±0.1"
"Connecticut","","","","","","","","","","","","","","","","","","","","","","","","","","","","","","","",""
"    Occupied housing units","","","","","","","","","","","","","","","","","","","","","","","","","","","","","","","",""
"        Estimate","1,356,206","","","81.5%","9.4%","0.2%","3.3%","0.0%","4.0%","1.6%","11.0%","75.2%","","15.5%","17.6%","23.1%","19.9%","12.5%","7.5%","3.9%","","9.5%","25.2%","26.3%","39.0%","","20.5%","40.2%","17.6%","9.6%","6.1%","6.0%"
"        Margin of Error","±2,983","","","±0.1","±0.1","±0.1","±0.1","±0.1","±0.1","±0.1","±0.1","±0.1","","±0.1","±0.1","±0.1","±0.1","±0.1","±0.1","±0.1","","±0.2","±0.3","±0.3","±0.3","","±0.2","±0.3","±0.2","±0.2","±0.1","±0.1"
"    Owner-occupied housing units","","","","","","","","","","","","","","","","","","","","","","","","","","","","","","","",""
"        Estimate","913,043","","","89.1%","5.4%","0.1%","2.8%","0.0%","1.5%","1.1%","5.5%","85.4%","","7.8%","16.8%","25.3%","23.2%","14.7%","8.4%","3.9%","","5.8%","22.9%","25.7%","45.7%","","8.6%","38.8%","22.4%","13.0%","8.6%","8.4%"
"        Margin of Error","±4,507","","","±0.2","±0.1","±0.1","±0.1","±0.1","±0.1","±0.1","±0.2","±0.2","","±0.2","±0.2","±0.2","±0.2","±0.1","±0.1","±0.1","","±0.2","±0.3","±0.3","±0.4","","±0.2","±0.3","±0.3","±0.2","±0.2","±0.2"
"    Renter-occupied housing units","","","","","","","","","","","","","","","","","","","","","","","","","","","","","","","",""
"        Estimate","443,163","","","65.9%","17.6%","0.3%","4.5%","0.1%","9.1%","2.6%","22.4%","54.3%","","31.6%","19.4%","18.4%","13.2%","7.9%","5.6%","3.9%","","17.0%","30.1%","27.7%","25.2%","","44.9%","43.1%","7.5%","2.4%","1.0%","1.1%"
"        Margin of Error","±3,378","","","±0.4","±0.3","±0.1","±0.2","±0.1","±0.3","±0.2","±0.4","±0.4","","±0.5","±0.4","±0.4","±0.3","±0.2","±0.2","±0.2","","±0.4","±0.5","±0.6","±0.5","","±0.5","±0.6","±0.3","±0.1","±0.1","±0.1"
"Delaware","","","","","","","","","","","","","","","","","","","","","","","","","","","","","","","",""
"    Occupied housing units","","","","","","","","","","","","","","","","","","","","","","","","","","","","","","","",""
"        Estimate","339,046","","","73.7%","19.9%","0.4%","2.9%","0.0%","1.7%","1.4%","5.8%","70.1%","","17.1%","16.9%","21.0%","19.7%","14.6%","7.8%","2.8%","","10.1%","28.4%","29.3%","32.2%","","21.5%","43.3%","17.2%","8.6%","4.9%","4.4%"
"        Margin of Error","±1,589","","","±0.3","±0.3","±0.1","±0.1","±0.1","±0.1","±0.1","±0.2","±0.3","","±0.3","±0.3","±0.3","±0.2","±0.2","±0.2","±0.1","","±0.3","±0.5","±0.5","±0.5","","±0.5","±0.6","±0.4","±0.3","±0.2","±0.1"
"    Owner-occupied housing units","","","","","","","","","","","","","","","","","","","","","","","","","","","","","","","",""
"        Estimate","242,860","","","80.5%","14.6%","0.4%","2.5%","0.0%","1.0%","1.0%","4.0%","77.9%","","9.5%","15.7%","22.4%","22.8%","17.5%","9.2%","2.9%","","8.0%","27.4%","28.8%","35.8%","","9.6%","44.9%","21.8%","11.3%","6.5%","5.9%"
"        Margin of Error","±2,020","","","±0.4","±0.3","±0.1","±0.1","±0.1","±0.1","±0.1","±0.2","±0.4","","±0.3","±0.4","±0.4","±0.3","±0.3","±0.3","±0.2","","±0.3","±0.5","±0.5","±0.6","","±0.4","±0.6","±0.5","±0.4","±0.2","±0.2"
"    Renter-occupied housing units","","","","","","","","","","","","","","","","","","","","","","","","","","","","","","","",""
"        Estimate","96,186","","","56.4%","33.4%","0.3%","4.1%","0.1%","3.4%","2.2%","10.5%","50.5%","","36.4%","19.9%","17.6%","11.8%","7.4%","4.2%","2.6%","","15.4%","30.8%","30.7%","23.2%","","51.7%","39.3%","5.7%","1.9%","0.8%","0.6%"
"        Margin of Error","±1,681","","","±1.0","±0.9","±0.1","±0.3","±0.1","±0.5","±0.3","±0.6","±1.0","","±1.0","±0.9","±0.9","±0.7","±0.5","±0.4","±0.3","","±0.8","±1.0","±1.1","±0.9","","±1.4","±1.3","±0.5","±0.3","±0.2","±0.1"
"District of Columbia","","","","","","","","","","","","","","","","","","","","","","","","","","","","","","","",""
"    Occupied housing units","","","","","","","","","","","","","","","","","","","","","","","","","","","","","","","",""
"        Estimate","267,415","","","45.0%","46.2%","0.4%","3.7%","0.0%","2.6%","2.1%","7.8%","40.7%","","29.7%","19.5%","16.5%","15.8%","10.1%","5.6%","2.7%","","9.6%","16.2%","17.5%","56.8%","","33.0%","39.8%","12.2%","6.1%","4.6%","4.3%"
"        Margin of Error","±1,579","","","±0.4","±0.4","±0.1","±0.2","±0.1","±0.2","±0.2","±0.3","±0.3","","±0.4","±0.3","±0.3","±0.2","±0.2","±0.2","±0.1","","±0.4","±0.5","±0.5","±0.5","","±0.6","±0.6","±0.4","±0.3","±0.2","±0.2"
"    Owner-occupied housing units","","","","","","","","","","","","","","","","","","","","","","","","","","","","","","","",""
"        Estimate","111,198","","","51.5%","41.9%","0.3%","3.4%","0.0%","1.3%","1.6%","5.7%","48.0%","","12.5%","20.4%","19.5%","20.3%","14.7%","8.6%","4.1%","","4.7%","10.9%","14.9%","69.5%","","13.8%","40.1%","18.2%","10.6%","8.2%","9.0%"
"        Margin of Error","±1,568","","","±0.7","±0.7","±0.1","±0.3","±0.1","±0.2","±0.2","±0.4","±0.7","","±0.5","±0.6","±0.6","±0.6","±0.4","±0.4","±0.3","","±0.4","±0.5","±0.7","±0.8","","±0.7","±0.8","±0.7","±0.5","±0.5","±0.4"
"    Renter-occupied housing units","","","","","","","","","","","","","","","","","","","","","","","","","","","","","","","",""
"        Estimate","156,217","","","40.3%","49.3%","0.4%","3.9%","0.0%","3.5%","2.5%","9.3%","35.5%","","41.9%","18.9%","14.5%","12.6%","6.9%","3.6%","1.7%","","13.0%","20.0%","19.3%","47.7%","","46.7%","39.6%","7.8%","3.0%","2.0%","0.9%"
"        Margin of Error","±1,852","","","±0.6","±0.7","±0.1","±0.3","±0.1","±0.4","±0.3","±0.4","±0.6","","±0.7","±0.6","±0.5","±0.5","±0.3","±0.3","±0.2","","±0.7","±0.7","±0.7","±0.8","","±0.8","±1.0","±0.5","±0.3","±0.2","±0.1"
"Florida","","","","","","","","","","","","","","","","","","","","","","","","","","","","","","","",""
"    Occupied housing units","","","","","","","","","","","","","","","","","","","","","","","","","","","","","","","",""
"        Estimate","7,217,508","","","80.7%","13.7%","0.3%","2.1%","0.1%","1.8%","1.5%","18.6%","64.8%","","15.9%","16.4%","19.9%","18.8%","15.4%","9.6%","4.0%","","11.1%","26.4%","32.4%","30.0%","","27.7%","43.8%","16.8%","7.0%","3.1%","1.6%"
"        Margin of Error","±24,923","","","±0.1","±0.1","±0.1","±0.1","±0.1","±0.1","±0.1","±0.1","±0.1","","±0.1","±0.1","±0.1","±0.1","±0.1","±0.1","±0.1","","±0.1","±0.2","±0.1","±0.2","","±0.2","±0.1","±0.1","±0.1","±0.1","±0.1"
"    Owner-occupied housing units","","","","","","","","","","","","","","","","","","","","","","","","","","","","","","","",""
"        Estimate","4,772,944","","","85.6%","9.6%","0.2%","2.2%","0.0%","1.2%","1.3%","14.8%","72.5%","","7.3%","13.8%","20.6%","21.9%","19.5%","12.3%","4.6%","","9.1%","25.3%","31.7%","33.9%","","12.6%","47.0%","23.5%","10.0%","4.5%","2.4%"
"        Margin of Error","±29,238","","","±0.1","±0.1","±0.1","±0.1","±0.1","±0.1","±0.1","±0.1","±0.1","","±0.1","±0.1","±0.1","±0.1","±0.1","±0.1","±0.1","","±0.1","±0.2","±0.2","±0.2","","±0.1","±0.1","±0.1","±0.1","±0.1","±0.1"
"    Renter-occupied housing units","","","","","","","","","","","","","","","","","","","","","","","","","","","","","","","",""
"        Estimate","2,444,564","","","71.1%","21.6%","0.3%","1.9%","0.1%","3.0%","1.9%","25.9%","49.8%","","32.7%","21.6%","18.6%","12.7%","7.3%","4.4%","2.8%","","15.1%","28.6%","33.9%","22.4%","","57.0%","37.4%","3.9%","1.2%","0.4%","0.2%"
"        Margin of Error","±10,391","","","±0.2","±0.2","±0.1","±0.1","±0.1","±0.1","±0.1","±0.2","±0.2","","±0.2","±0.2","±0.2","±0.1","±0.1","±0.1","±0.1","","±0.2","±0.3","±0.2","±0.2","","±0.2","±0.2","±0.1","±0.1","±0.1","±0.1"
"Georgia","","","","","","","","","","","","","","","","","","","","","","","","","","","","","","","",""
"    Occupied housing units","","","","","","","","","","","","","","","","","","","","","","","","","","","","","","","",""
"        Estimate","3,540,690","","","63.8%","29.9%","0.3%","2.9%","0.0%","2.0%","1.2%","6.2%","60.0%","","20.5%","20.2%","21.5%","18.2%","11.8%","5.9%","2.0%","","12.9%","26.0%","30.2%","30.9%","","26.8%","43.5%","15.8%","6.8%","4.2%","2.9%"
"        Margin of Error","±10,836","","","±0.1","±0.1","±0.1","±0.1","±0.1","±0.1","±0.1","±0.1","±0.1","","±0.1","±0.1","±0.1","±0.1","±0.1","±0.1","±0.1","","±0.1","±0.2","±0.1","±0.2","","±0.2","±0.2","±0.1","±0.1","±0.1","±0.1"
"    Owner-occupied housing units","","","","","","","","","","","","","","","","","","","","","","","","","","","","","","","",""
"        Estimate","2,272,001","","","72.3%","22.4%","0.2%","2.8%","0.0%","1.2%","1.0%","4.2%","69.5%","","10.7%","19.0%","23.8%","21.9%","15.1%","7.5%","2.2%","","10.2%","24.9%","28.5%","36.3%","","10.7%","46.7%","22.4%","9.8%","6.1%","4.2%"
"        Margin of Error","±14,319","","","±0.2","±0.1","±0.1","±0.1","±0.1","±0.1","±0.1","±0.1","±0.2","","±0.1","±0.1","±0.2","±0.1","±0.1","±0.1","±0.1","","±0.1","±0.2","±0.2","±0.2","","±0.2","±0.2","±0.2","±0.1","±0.1","±0.1"
"    Renter-occupied housing units","","","","","","","","","","","","","","","","","","","","","","","","","","","","","","","",""
"        Estimate","1,268,689","","","48.5%","43.3%","0.3%","3.0%","0.1%","3.4%","1.5%","9.7%","42.9%","","38.0%","22.4%","17.5%","11.6%","5.9%","3.0%","1.6%","","17.6%","27.9%","33.3%","21.2%","","55.7%","37.8%","3.9%","1.4%","0.7%","0.6%"
"        Margin of Error","±7,198","","","±0.3","±0.3","±0.1","±0.1","±0.1","±0.1","±0.1","±0.2","±0.3","","±0.3","±0.3","±0.3","±0.2","±0.2","±0.1","±0.1","","±0.3","±0.3","±0.3","±0.3","","±0.3","±0.4","±0.1","±0.1","±0.1","±0.1"
"Hawaii","","","","","","","","","","","","","","","","","","","","","","","","","","","","","","","",""
"    Occupied housing units","","","","","","","","","","","","","","","","","","","","","","","","","","","","","","","",""
"        Estimate","450,299","","","33.8%","2.2%","0.2%","39.3%","7.7%","1.0%","15.7%","7.0%","31.4%","","18.3%","16.2%","19.2%","20.7%","13.7%","7.9%","4.0%","","7.3%","23.8%","34.6%","34.3%","","25.8%","37.2%","15.0%","9.0%","6.6%","6.3%"
"        Margin of Error","±1,824","","","±0.3","±0.1","±0.1","±0.3","±0.2","±0.1","±0.3","±0.2","±0.3","","±0.3","±0.3","±0.2","±0.3","±0.2","±0.2","±0.1","","±0.2","±0.4","±0.5","±0.5","","±0.4","±0.6","±0.4","±0.3","±0.2","±0.2"
"    Owner-occupied housing units","","","","","","","","","","","","","","","","","","","","","","","","","","","","","","","",""
"        Estimate","257,315","","","30.2%","0.8%","0.1%","47.6%","6.3%","0.6%","14.4%","4.7%","28.8%","","6.6%","13.1%","20.6%","25.6%","18.2%","10.5%","5.3%","","6.3%","22.3%","32.0%","39.5%","","10.3%","34.7%","20.4%","13.7%","10.6%","10.2%"
"        Margin of Error","±2,161","","","±0.4","±0.1","±0.1","±0.5","±0.2","±0.1","±0.4","±0.2","±0.4","","±0.4","±0.4","±0.4","±0.4","±0.4","±0.3","±0.2","","±0.3","±0.6","±0.6","±0.6","","±0.3","±0.7","±0.5","±0.4","±0.3","±0.3"
"    Renter-occupied housing units","","","","","","","","","","","","","","","","","","","","","","","","","","","","","","","",""
"        Estimate","192,984","","","38.6%","4.0%","0.4%","28.2%","9.7%","1.6%","17.5%","10.0%","34.8%","","34.0%","20.3%","17.3%","14.1%","7.7%","4.4%","2.2%","","8.6%","25.8%","38.2%","27.4%","","46.5%","40.5%","7.9%","2.7%","1.3%","1.1%"
"        Margin of Error","±1,865","","","±0.6","±0.3","±0.1","±0.6","±0.4","±0.2","±0.5","±0.5","±0.6","","±0.6","±0.5","±0.6","±0.5","±0.4","±0.3","±0.2","","±0.4","±0.7","±0.8","±0.7","","±0.8","±0.8","±0.4","±0.3","±0.1","±0.1"
"Idaho","","","","","","","","","","","","","","","","","","","","","","","","","","","","","","","",""
"    Occupied housing units","","","","","","","","","","","","","","","","","","","","","","","","","","","","","","","",""
"        Estimate","585,259","","","93.9%","0.5%","1.2%","1.1%","0.1%","1.7%","1.6%","7.9%","88.1%","","22.3%","17.3%","19.1%","18.5%","13.0%","7.0%","2.8%","","9.8%","25.2%","37.9%","27.1%","","27.2%","43.9%","15.8%","6.4%","4.2%","2.5%"
"        Margin of Error","±2,354","","","±0.2","±0.1","±0.1","±0.1","±0.1","±0.1","±0.1","±0.1","±0.2","","±0.3","±0.2","±0.2","±0.2","±0.2","±0.2","±0.1","","±0.2","±0.4","±0.4","±0.3","","±0.5","±0.5","±0.3","±0.2","±0.2","±0.1"
"    Owner-occupied housing units","","","","","","","","","","","","","","","","","","","","","","","","","","","","","","","",""
"        Estimate","404,981","","","95.3%","0.2%","0.9%","1.0%","0.1%","1.2%","1.3%","6.0%","90.9%","","13.0%","16.8%","20.8%","22.0%","16.0%","8.5%","2.9%","","8.2%","24.4%","36.5%","31.0%","","12.9%","47.7%","21.2%","8.8%","6.0%","3.4%"
"        Margin of Error","±3,067","","","±0.2","±0.1","±0.1","±0.1","±0.1","±0.1","±0.1","±0.2","±0.2","","±0.3","±0.3","±0.3","±0.3","±0.2","±0.2","±0.2","","±0.3","±0.5","±0.5","±0.4","","±0.3","±0.5","±0.5","±0.3","±0.2","±0.2"
"    Renter-occupied housing units","","","","","","","","","","","","","","","","","","","","","","","","","","","","","","","",""
"        Estimate","180,278","","","90.9%","1.2%","1.7%","1.3%","0.2%","2.6%","2.2%","12.3%","81.9%","","43.3%","18.3%","15.1%","10.7%","6.3%","3.6%","2.6%","","13.5%","27.0%","41.2%","18.3%","","59.3%","35.3%","3.5%","1.1%","0.4%","0.4%"
"        Margin of Error","±2,602","","","±0.4","±0.2","±0.2","±0.2","±0.1","±0.3","±0.2","±0.5","±0.6","","±0.8","±0.6","±0.5","±0.4","±0.4","±0.3","±0.3","","±0.6","±0.8","±0.9","±0.7","","±0.9","±0.9","±0.3","±0.2","±0.1","±0.1"
"Illinois","","","","","","","","","","","","","","","","","","","","","","","","","","","","","","","",""
"    Occupied housing units","","","","","","","","","","","","","","","","","","","","","","","","","","","","","","","",""
"        Estimate","4,778,633","","","76.6%","13.8%","0.2%","4.2%","0.0%","3.9%","1.2%","11.0%","70.0%","","19.7%","18.5%","21.0%","18.7%","11.8%","7.2%","3.2%","","10.6%","24.8%","30.6%","34.0%","","22.6%","41.6%","17.4%","8.3%","5.6%","4.4%"
"        Margin of Error","±11,513","","","±0.1","±0.1","±0.1","±0.1","±0.1","±0.1","±0.1","±0.1","±0.1","","±0.1","±0.1","±0.1","±0.1","±0.1","±0.1","±0.1","","±0.1","±0.1","±0.1","±0.2","","±0.1","±0.1","±0.1","±0.1","±0.1","±0.1"
"    Owner-occupied housing units","","","","","","","","","","","","","","","","","","","","","","","","","","","","","","","",""
"        Estimate","3,194,707","","","84.1%","8.2%","0.2%","3.8%","0.0%","2.8%","0.9%","8.6%","78.6%","","10.8%","17.7%","23.2%","21.9%","14.3%","8.6%","3.4%","","8.4%","24.2%","29.9%","37.5%","","9.5%","41.9%","23.0%","11.3%","8.0%","6.3%"
"        Margin of Error","±15,979","","","±0.1","±0.1","±0.1","±0.1","±0.1","±0.1","±0.1","±0.1","±0.1","","±0.1","±0.1","±0.1","±0.1","±0.1","±0.1","±0.1","","±0.1","±0.1","±0.1","±0.2","","±0.1","±0.2","±0.2","±0.1","±0.1","±0.1"
"    Renter-occupied housing units","","","","","","","","","","","","","","","","","","","","","","","","","","","","","","","",""
"        Estimate","1,583,926","","","61.7%","25.0%","0.3%","5.0%","0.0%","6.1%","1.8%","15.8%","52.5%","","37.5%","20.0%","16.5%","12.2%","6.7%","4.2%","2.9%","","15.1%","25.9%","31.9%","27.0%","","49.1%","41.1%","6.1%","2.1%","0.9%","0.6%"
"        Margin of Error","±7,482","","","±0.2","±0.2","±0.1","±0.1","±0.1","±0.1","±0.1","±0.2","±0.2","","±0.3","±0.2","±0.2","±0.2","±0.1","±0.1","±0.1","","±0.2","±0.3","±0.3","±0.3","","±0.3","±0.3","±0.1","±0.1","±0.1","±0.1"
"Indiana","","","","","","","","","","","","","","","","","","","","","","","","","","","","","","","",""
"    Occupied housing units","","","","","","","","","","","","","","","","","","","","","","","","","","","","","","","",""
"        Estimate","2,492,183","","","86.7%","8.8%","0.2%","1.5%","0.0%","1.6%","1.1%","4.2%","84.3%","","20.3%","17.7%","20.5%","19.0%","12.2%","7.2%","3.0%","","11.1%","33.0%","31.1%","24.8%","","24.2%","40.7%","16.8%","7.9%","5.7%","4.8%"
"        Margin of Error","±6,801","","","±0.1","±0.1","±0.1","±0.1","±0.1","±0.1","±0.1","±0.1","±0.1","","±0.1","±0.1","±0.1","±0.1","±0.1","±0.1","±0.1","","±0.2","±0.2","±0.2","±0.2","","±0.2","±0.2","±0.2","±0.1","±0.1","±0.1"
"    Owner-occupied housing units","","","","","","","","","","","","","","","","","","","","","","","","","","","","","","","",""
"        Estimate","1,730,954","","","91.9%","4.9%","0.2%","1.1%","0.0%","1.1%","0.9%","3.2%","89.9%","","12.0%","17.2%","22.2%","22.0%","14.8%","8.6%","3.1%","","8.8%","33.2%","30.0%","28.0%","","11.0%","41.6%","22.2%","10.7%","7.9%","6.7%"
"        Margin of Error","±9,333","","","±0.1","±0.1","±0.1","±0.1","±0.1","±0.1","±0.1","±0.1","±0.1","","±0.2","±0.1","±0.1","±0.1","±0.1","±0.1","±0.1","","±0.1","±0.2","±0.2","±0.2","","±0.1","±0.2","±0.2","±0.1","±0.1","±0.1"
"    Renter-occupied housing units","","","","","","","","","","","","","","","","","","","","","","","","","","","","","","","",""
"        Estimate","761,229","","","74.9%","17.8%","0.3%","2.4%","0.0%","2.8%","1.7%","6.6%","71.4%","","39.1%","18.8%","16.7%","12.1%","6.2%","4.2%","2.8%","","16.2%","32.6%","33.8%","17.4%","","54.2%","38.6%","4.5%","1.5%","0.6%","0.6%"
"        Margin of Error","±5,434","","","±0.3","±0.3","±0.1","±0.1","±0.1","±0.1","±0.1","±0.2","±0.3","","±0.3","±0.3","±0.3","±0.2","±0.2","±0.2","±0.1","","±0.3","±0.4","±0.4","±0.3","","±0.5","±0.4","±0.1","±0.1","±0.1","±0.1"
"Iowa","","","","","","","","","","","","","","","","","","","","","","","","","","","","","","","",""
"    Occupied housing units","","","","","","","","","","","","","","","","","","","","","","","","","","","","","","","",""
"        Estimate","1,232,228","","","93.8%","2.5%","0.3%","1.5%","0.0%","0.9%","0.9%","3.4%","91.5%","","21.9%","15.9%","19.3%","18.6%","12.0%","8.2%","4.0%","","7.8%","30.7%","34.2%","27.3%","","23.5%","40.1%","16.5%","8.1%","6.4%","5.3%"
"        Margin of Error","±3,504","","","±0.1","±0.1","±0.1","±0.1","±0.1","±0.1","±0.1","±0.1","±0.1","","±0.2","±0.1","±0.1","±0.1","±0.1","±0.1","±0.1","","±0.1","±0.2","±0.3","±0.3","","±0.2","±0.3","±0.2","±0.1","±0.1","±0.1"
"    Owner-occupied housing units","","","","","","","","","","","","","","","","","","","","","","","","","","","","","","","",""
"        Estimate","884,984","","","96.6%","1.1%","0.2%","1.0%","0.0%","0.6%","0.6%","2.4%","94.8%","","13.7%","16.1%","21.2%","21.7%","14.2%","9.4%","3.7%","","6.4%","30.9%","32.9%","29.8%","","11.8%","41.0%","20.9%","10.6%","8.6%","7.1%"
"        Margin of Error","±4,590","","","±0.1","±0.1","±0.1","±0.1","±0.1","±0.1","±0.1","±0.1","±0.1","","±0.2","±0.2","±0.2","±0.1","±0.1","±0.1","±0.1","","±0.1","±0.3","±0.3","±0.3","","±0.2","±0.3","±0.3","±0.1","±0.1","±0.1"
"    Renter-occupied housing units","","","","","","","","","","","","","","","","","","","","","","","","","","","","","","","",""
"        Estimate","347,244","","","86.9%","6.3%","0.6%","2.7%","0.1%","1.6%","1.9%","5.7%","83.2%","","42.8%","15.6%","14.6%","10.7%","6.2%","5.2%","4.9%","","11.4%","30.2%","37.6%","20.8%","","53.2%","38.0%","5.3%","1.7%","0.9%","0.9%"
"        Margin of Error","±3,002","","","±0.3","±0.2","±0.1","±0.2","±0.1","±0.1","±0.2","±0.2","±0.3","","±0.5","±0.4","±0.4","±0.3","±0.2","±0.2","±0.2","","±0.4","±0.5","±0.6","±0.5","","±0.5","±0.5","±0.2","±0.1","±0.1","±0.1"
"Kansas","","","","","","","","","","","","","","","","","","","","","","","","","","","","","","","",""
"    Occupied housing units","","","","","","","","","","","","","","","","","","","","","","","","","","","","","","","",""
"        Estimate","1,112,335","","","88.1%","5.6%","0.7%","2.0%","0.0%","1.7%","1.8%","7.4%","82.8%","","22.8%","16.7%","19.6%","18.5%","11.5%","7.3%","3.6%","","8.8%","25.3%","34.3%","31.6%","","26.1%","40.6%","16.3%","7.9%","5.1%","4.0%"
"        Margin of Error","±3,321","","","±0.2","±0.1","±0.1","±0.1","±0.1","±0.1","±0.1","±0.1","±0.1","","±0.2","±0.2","±0.1","±0.1","±0.1","±0.1","±0.1","","±0.1","±0.2","±0.3","±0.2","","±0.3","±0.3","±0.2","±0.1","±0.1","±0.1"
"    Owner-occupied housing units","","","","","","","","","","","","","","","","","","","","","","","","","","","","","","","",""
"        Estimate","746,789","","","91.7%","3.2%","0.6%","1.6%","0.0%","1.4%","1.3%","5.8%","87.7%","","12.9%","16.3%","22.1%","22.1%","14.3%","8.8%","3.4%","","7.1%","24.6%","32.3%","36.0%","","11.7%","42.2%","22.0%","11.1%","7.4%","5.7%"
"        Margin of Error","±4,208","","","±0.1","±0.1","±0.1","±0.1","±0.1","±0.1","±0.1","±0.1","±0.2","","±0.2","±0.2","±0.2","±0.2","±0.1","±0.1","±0.1","","±0.1","±0.3","±0.3","±0.3","","±0.3","±0.3","±0.2","±0.2","±0.1","±0.1"
"    Renter-occupied housing units","","","","","","","","","","","","","","","","","","","","","","","","","","","","","","","",""
"        Estimate","365,546","","","80.8%","10.6%","1.0%","2.8%","0.1%","2.1%","2.7%","10.7%","72.9%","","43.1%","17.4%","14.5%","11.1%","5.7%","4.4%","3.9%","","12.2%","26.7%","38.4%","22.6%","","55.7%","37.4%","4.5%","1.4%","0.6%","0.5%"
"        Margin of Error","±2,902","","","±0.4","±0.3","±0.1","±0.2","±0.1","±0.2","±0.2","±0.3","±0.4","","±0.5","±0.4","±0.3","±0.3","±0.2","±0.2","±0.2","","±0.3","±0.4","±0.6","±0.4","","±0.6","±0.5","±0.2","±0.1","±0.1","±0.1"
"Kentucky","","","","","","","","","","","","","","","","","","","","","","","","","","","","","","","",""
"    Occupied housing units","","","","","","","","","","","","","","","","","","","","","","","","","","","","","","","",""
"        Estimate","1,702,235","","","89.4%","7.7%","0.2%","1.0%","0.0%","0.6%","1.1%","2.1%","88.1%","","19.6%","17.5%","20.5%","19.4%","13.0%","7.3%","2.7%","","15.7%","31.4%","29.9%","23.0%","","23.7%","40.6%","17.3%","8.0%","5.9%","4.4%"
"        Margin of Error","±5,177","","","±0.1","±0.1","±0.1","±0.1","±0.1","±0.1","±0.1","±0.1","±0.1","","±0.1","±0.1","±0.1","±0.1","±0.1","±0.1","±0.1","","±0.2","±0.2","±0.2","±0.2","","±0.2","±0.2","±0.2","±0.1","±0.1","±0.1"
"    Owner-occupied housing units","","","","","","","","","","","","","","","","","","","","","","","","","","","","","","","",""
"        Estimate","1,152,012","","","93.7%","4.3%","0.2%","0.7%","0.0%","0.2%","0.8%","1.1%","92.9%","","11.5%","16.3%","21.9%","22.4%","15.9%","9.0%","3.0%","","13.9%","31.5%","28.2%","26.4%","","10.4%","41.2%","22.9%","10.9%","8.4%","6.2%"
"        Margin of Error","±7,286","","","±0.1","±0.1","±0.1","±0.1","±0.1","±0.1","±0.1","±0.1","±0.1","","±0.2","±0.2","±0.2","±0.2","±0.1","±0.1","±0.1","","±0.2","±0.2","±0.3","±0.2","","±0.2","±0.3","±0.2","±0.2","±0.1","±0.1"
"    Renter-occupied housing units","","","","","","","","","","","","","","","","","","","","","","","","","","","","","","","",""
"        Estimate","550,223","","","80.6%","14.7%","0.3%","1.5%","0.1%","1.2%","1.7%","4.1%","78.1%","","36.6%","19.9%","17.5%","13.1%","7.0%","3.9%","2.0%","","19.3%","31.3%","33.5%","15.9%","","51.5%","39.5%","5.5%","1.9%","0.8%","0.8%"
"        Margin of Error","±4,576","","","±0.3","±0.2","±0.1","±0.1","±0.1","±0.1","±0.1","±0.2","±0.3","","±0.4","±0.4","±0.3","±0.3","±0.2","±0.1","±0.1","","±0.3","±0.5","±0.5","±0.4","","±0.5","±0.5","±0.2","±0.1","±0.1","±0.1"
"Louisiana","","","","","","","","","","","","","","","","","","","","","","","","","","","","","","","",""
"    Occupied housing units","","","","","","","","","","","","","","","","","","","","","","","","","","","","","","","",""
"        Estimate","1,718,876","","","66.1%","30.0%","0.6%","1.3%","0.0%","0.8%","1.1%","3.5%","63.6%","","21.4%","17.0%","20.3%","19.4%","12.4%","7.0%","2.5%","","15.6%","31.8%","28.9%","23.6%","","24.4%","40.5%","15.5%","8.0%","6.4%","5.1%"
"        Margin of Error","±4,824","","","±0.1","±0.1","±0.1","±0.1","±0.1","±0.1","±0.1","±0.1","±0.1","","±0.2","±0.1","±0.1","±0.1","±0.1","±0.1","±0.1","","±0.2","±0.3","±0.2","±0.2","","±0.3","±0.3","±0.2","±0.1","±0.1","±0.1"
"    Owner-occupied housing units","","","","","","","","","","","","","","","","","","","","","","","","","","","","","","","",""
"        Estimate","1,139,756","","","74.5%","22.4%","0.6%","1.2%","0.0%","0.4%","0.9%","2.4%","72.6%","","12.0%","15.9%","22.1%","22.6%","15.5%","8.9%","3.0%","","13.3%","32.1%","27.8%","26.8%","","10.7%","41.0%","20.9%","11.0%","9.2%","7.2%"
"        Margin of Error","±6,731","","","±0.2","±0.1","±0.1","±0.1","±0.1","±0.1","±0.1","±0.1","±0.2","","±0.2","±0.2","±0.2","±0.2","±0.1","±0.1","±0.1","","±0.2","±0.3","±0.3","±0.3","","±0.2","±0.3","±0.3","±0.2","±0.2","±0.1"
"    Renter-occupied housing units","","","","","","","","","","","","","","","","","","","","","","","","","","","","","","","",""
"        Estimate","579,120","","","49.7%","45.0%","0.7%","1.6%","0.0%","1.5%","1.5%","5.8%","45.9%","","39.9%","19.2%","16.9%","12.9%","6.3%","3.3%","1.5%","","20.2%","31.4%","31.2%","17.2%","","51.4%","39.6%","5.0%","1.9%","1.1%","1.1%"
"        Margin of Error","±4,664","","","±0.4","±0.4","±0.1","±0.1","±0.1","±0.1","±0.1","±0.2","±0.4","","±0.4","±0.3","±0.3","±0.3","±0.2","±0.1","±0.1","","±0.4","±0.5","±0.5","±0.4","","±0.5","±0.5","±0.2","±0.1","±0.1","±0.1"
"Maine","","","","","","","","","","","","","","","","","","","","","","","","","","","","","","","",""
"    Occupied housing units","","","","","","","","","","","","","","","","","","","","","","","","","","","","","","","",""
"        Estimate","553,086","","","96.7%","0.7%","0.5%","0.7%","0.0%","0.1%","1.2%","0.9%","96.0%","","15.8%","15.5%","21.6%","21.4%","14.1%","8.3%","3.2%","","8.0%","31.2%","31.0%","29.7%","","20.8%","39.2%","17.9%","10.6%","6.6%","4.9%"
"        Margin of Error","±2,062","","","±0.1","±0.1","±0.1","±0.1","±0.1","±0.1","±0.1","±0.1","±0.1","","±0.2","±0.2","±0.2","±0.2","±0.2","±0.2","±0.1","","±0.2","±0.4","±0.3","±0.4","","±0.4","±0.4","±0.3","±0.2","±0.2","±0.1"
"    Owner-occupied housing units","","","","","","","","","","","","","","","","","","","","","","","","","","","","","","","",""
"        Estimate","395,074","","","98.0%","0.2%","0.3%","0.6%","0.0%","0.1%","0.8%","0.6%","97.5%","","8.7%","15.1%","23.2%","24.7%","16.5%","8.8%","3.0%","","6.4%","30.3%","30.3%","33.1%","","9.2%","39.0%","22.4%","14.0%","8.9%","6.5%"
"        Margin of Error","±2,798","","","±0.1","±0.1","±0.1","±0.1","±0.1","±0.1","±0.1","±0.1","±0.1","","±0.2","±0.3","±0.2","±0.3","±0.2","±0.2","±0.2","","±0.2","±0.4","±0.4","±0.4","","±0.3","±0.5","±0.4","±0.3","±0.2","±0.2"
"    Renter-occupied housing units","","","","","","","","","","","","","","","","","","","","","","","","","","","","","","","",""
"        Estimate","158,012","","","93.6%","1.8%","1.1%","1.1%","0.0%","0.2%","2.1%","1.6%","92.4%","","33.6%","16.6%","17.5%","13.3%","8.1%","7.1%","3.8%","","12.3%","33.6%","32.9%","21.2%","","49.7%","39.7%","6.7%","2.0%","0.9%","0.9%"
"        Margin of Error","±2,283","","","±0.3","±0.1","±0.1","±0.1","±0.1","±0.1","±0.2","±0.2","±0.3","","±0.7","±0.6","±0.6","±0.6","±0.4","±0.4","±0.3","","±0.6","±0.9","±0.8","±0.8","","±1.0","±1.0","±0.4","±0.2","±0.1","±0.1"
"Maryland","","","","","","","","","","","","","","","","","","","","","","","","","","","","","","","",""
"    Occupied housing units","","","","","","","","","","","","","","","","","","","","","","","","","","","","","","","",""
"        Estimate","2,155,983","","","61.9%","29.0%","0.3%","5.0%","0.0%","2.1%","1.7%","5.8%","58.7%","","17.7%","18.5%","22.8%","19.6%","12.1%","6.6%","2.9%","","9.0%","22.8%","27.5%","40.7%","","22.4%","41.9%","17.3%","8.9%","5.2%","4.2%"
"        Margin of Error","±5,424","","","±0.1","±0.1","±0.1","±0.1","±0.1","±0.1","±0.1","±0.1","±0.1","","±0.1","±0.1","±0.1","±0.1","±0.1","±0.1","±0.1","","±0.1","±0.2","±0.2","±0.3","","±0.2","±0.2","±0.2","±0.1","±0.1","±0.1"
"    Owner-occupied housing units","","","","","","","","","","","","","","","","","","","","","","","","","","","","","","","",""
"        Estimate","1,445,880","","","69.8%","22.3%","0.2%","5.0%","0.0%","1.3%","1.5%","4.3%","67.1%","","9.6%","17.2%","25.0%","23.0%","14.7%","7.7%","2.9%","","6.6%","21.3%","26.3%","45.8%","","9.4%","42.1%","22.9%","12.3%","7.3%","6.0%"
"        Margin of Error","±7,677","","","±0.2","±0.2","±0.1","±0.1","±0.1","±0.1","±0.1","±0.1","±0.2","","±0.2","±0.1","±0.2","±0.1","±0.1","±0.1","±0.1","","±0.1","±0.2","±0.2","±0.3","","±0.2","±0.3","±0.2","±0.2","±0.1","±0.1"
"    Renter-occupied housing units","","","","","","","","","","","","","","","","","","","","","","","","","","","","","","","",""
"        Estimate","710,103","","","45.8%","42.8%","0.4%","5.1%","0.1%","3.7%","2.2%","8.9%","41.5%","","34.2%","21.2%","18.1%","12.6%","6.7%","4.3%","2.9%","","14.0%","25.8%","30.0%","30.3%","","48.9%","41.7%","6.0%","1.9%","0.9%","0.7%"
"        Margin of Error","±4,525","","","±0.3","±0.3","±0.1","±0.2","±0.1","±0.2","±0.1","±0.2","±0.3","","±0.3","±0.3","±0.3","±0.2","±0.2","±0.1","±0.1","","±0.3","±0.4","±0.4","±0.4","","±0.4","±0.4","±0.2","±0.1","±0.1","±0.1"
"Massachusetts","","","","","","","","","","","","","","","","","","","","","","","","","","","","","","","",""
"    Occupied housing units","","","","","","","","","","","","","","","","","","","","","","","","","","","","","","","",""
"        Estimate","2,538,485","","","83.7%","6.1%","0.2%","4.8%","0.0%","3.4%","1.8%","8.0%","79.8%","","17.5%","17.8%","22.0%","19.4%","12.3%","7.4%","3.6%","","9.5%","23.4%","25.3%","41.9%","","22.2%","39.1%","17.6%","9.0%","6.0%","6.0%"
"        Margin of Error","±4,546","","","±0.1","±0.1","±0.1","±0.1","±0.1","±0.1","±0.1","±0.1","±0.1","","±0.1","±0.1","±0.1","±0.1","±0.1","±0.1","±0.1","","±0.1","±0.2","±0.2","±0.2","","±0.2","±0.2","±0.1","±0.1","±0.1","±0.1"
"    Owner-occupied housing units","","","","","","","","","","","","","","","","","","","","","","","","","","","","","","","",""
"        Estimate","1,580,938","","","90.7%","3.2%","0.1%","3.8%","0.0%","1.2%","1.0%","3.1%","88.8%","","8.0%","17.1%","24.7%","23.3%","14.8%","8.4%","3.6%","","5.6%","21.4%","24.7%","48.3%","","9.3%","36.4%","23.4%","12.9%","9.0%","9.0%"
"        Margin of Error","±7,666","","","±0.1","±0.1","±0.1","±0.1","±0.1","±0.1","±0.1","±0.1","±0.1","","±0.1","±0.2","±0.2","±0.1","±0.1","±0.1","±0.1","","±0.1","±0.2","±0.2","±0.3","","±0.2","±0.2","±0.2","±0.2","±0.1","±0.1"
"    Renter-occupied housing units","","","","","","","","","","","","","","","","","","","","","","","","","","","","","","","",""
"        Estimate","957,547","","","72.1%","11.0%","0.3%","6.3%","0.0%","7.0%","3.2%","16.0%","64.8%","","33.1%","18.9%","17.4%","12.9%","8.3%","5.8%","3.6%","","15.8%","26.6%","26.3%","31.3%","","43.5%","43.6%","8.2%","2.5%","1.2%","1.1%"
"        Margin of Error","±5,492","","","±0.3","±0.2","±0.1","±0.1","±0.1","±0.2","±0.1","±0.2","±0.3","","±0.3","±0.3","±0.2","±0.2","±0.2","±0.1","±0.1","","±0.2","±0.4","±0.3","±0.3","","±0.3","±0.3","±0.2","±0.1","±0.1","±0.1"
"Michigan","","","","","","","","","","","","","","","","","","","","","","","","","","","","","","","",""
"    Occupied housing units","","","","","","","","","","","","","","","","","","","","","","","","","","","","","","","",""
"        Estimate","3,827,880","","","81.8%","13.4%","0.5%","2.1%","0.0%","0.7%","1.4%","3.1%","79.7%","","17.7%","16.9%","21.0%","20.2%","13.0%","7.8%","3.4%","","9.5%","27.7%","34.9%","27.9%","","23.2%","37.0%","18.7%","9.2%","6.5%","5.4%"
"        Margin of Error","±9,311","","","±0.1","±0.1","±0.1","±0.1","±0.1","±0.1","±0.1","±0.1","±0.1","","±0.1","±0.1","±0.1","±0.1","±0.1","±0.1","±0.1","","±0.1","±0.1","±0.1","±0.2","","±0.2","±0.1","±0.1","±0.1","±0.1","±0.1"
"    Owner-occupied housing units","","","","","","","","","","","","","","","","","","","","","","","","","","","","","","","",""
"        Estimate","2,738,012","","","88.0%","8.1%","0.4%","1.7%","0.0%","0.6%","1.1%","2.4%","86.3%","","10.3%","16.1%","22.7%","23.0%","15.4%","9.0%","3.4%","","7.9%","27.2%","33.8%","31.1%","","11.1%","36.6%","24.0%","12.1%","8.8%","7.3%"
"        Margin of Error","±12,390","","","±0.1","±0.1","±0.1","±0.1","±0.1","±0.1","±0.1","±0.1","±0.1","","±0.1","±0.1","±0.1","±0.1","±0.1","±0.1","±0.1","","±0.1","±0.1","±0.1","±0.2","","±0.1","±0.2","±0.1","±0.1","±0.1","±0.1"
"    Renter-occupied housing units","","","","","","","","","","","","","","","","","","","","","","","","","","","","","","","",""
"        Estimate","1,089,868","","","66.3%","26.5%","0.7%","3.0%","0.0%","1.2%","2.3%","4.8%","63.2%","","36.1%","19.1%","17.0%","13.1%","6.9%","4.5%","3.4%","","13.7%","28.9%","37.7%","19.8%","","53.5%","38.1%","5.1%","1.9%","0.8%","0.6%"
"        Margin of Error","±5,918","","","±0.3","±0.3","±0.1","±0.1","±0.1","±0.1","±0.1","±0.1","±0.3","","±0.2","±0.2","±0.2","±0.2","±0.1","±0.1","±0.1","","±0.2","±0.3","±0.4","±0.2","","±0.3","±0.3","±0.1","±0.1","±0.1","±0.1"
"Minnesota","","","","","","","","","","","","","","","","","","","","","","","","","","","","","","","",""
"    Occupied housing units","","","","","","","","","","","","","","","","","","","","","","","","","","","","","","","",""
"        Estimate","2,115,337","","","89.3%","4.5%","0.9%","3.0%","0.0%","0.9%","1.3%","3.0%","87.4%","","21.2%","17.3%","20.9%","18.8%","11.3%","7.1%","3.5%","","7.0%","24.6%","34.0%","34.4%","","22.9%","39.8%","18.3%","9.0%","5.6%","4.3%"
"        Margin of Error","±5,381","","","±0.1","±0.1","±0.1","±0.1","±0.1","±0.1","±0.1","±0.1","±0.1","","±0.1","±0.1","±0.1","±0.1","±0.1","±0.1","±0.1","","±0.1","±0.2","±0.2","±0.2","","±0.2","±0.2","±0.1","±0.1","±0.1","±0.1"
"    Owner-occupied housing units","","","","","","","","","","","","","","","","","","","","","","","","","","","","","","","",""
"        Estimate","1,525,201","","","94.2%","1.5%","0.6%","2.3%","0.0%","0.5%","0.8%","1.8%","93.0%","","13.5%","17.4%","23.5%","21.8%","13.4%","7.7%","2.7%","","4.9%","24.1%","33.1%","37.9%","","11.0%","40.4%","23.4%","11.9%","7.5%","5.8%"
"        Margin of Error","±6,493","","","±0.1","±0.1","±0.1","±0.1","±0.1","±0.1","±0.1","±0.1","±0.1","","±0.1","±0.1","±0.1","±0.1","±0.1","±0.1","±0.1","","±0.1","±0.2","±0.2","±0.2","","±0.1","±0.2","±0.2","±0.1","±0.1","±0.1"
"    Renter-occupied housing units","","","","","","","","","","","","","","","","","","","","","","","","","","","","","","","",""
"        Estimate","590,136","","","76.7%","12.3%","1.7%","4.9%","0.1%","2.0%","2.4%","6.2%","72.9%","","41.1%","16.8%","14.3%","10.7%","6.0%","5.7%","5.3%","","12.5%","26.1%","36.2%","25.2%","","53.8%","38.3%","5.2%","1.6%","0.6%","0.6%"
"        Margin of Error","±3,324","","","±0.3","±0.2","±0.1","±0.2","±0.1","±0.1","±0.1","±0.2","±0.3","","±0.4","±0.4","±0.3","±0.2","±0.2","±0.2","±0.2","","±0.3","±0.4","±0.4","±0.4","","±0.4","±0.4","±0.2","±0.1","±0.1","±0.1"
"Mississippi","","","","","","","","","","","","","","","","","","","","","","","","","","","","","","","",""
"    Occupied housing units","","","","","","","","","","","","","","","","","","","","","","","","","","","","","","","",""
"        Estimate","1,092,627","","","62.8%","34.8%","0.4%","0.8%","0.0%","0.6%","0.7%","1.9%","61.7%","","19.0%","17.6%","20.4%","19.4%","13.3%","7.6%","2.6%","","16.6%","28.2%","33.4%","21.7%","","22.3%","40.0%","17.5%","8.8%","6.7%","4.7%"
"        Margin of Error","±4,203","","","±0.2","±0.2","±0.1","±0.1","±0.1","±0.1","±0.1","±0.1","±0.2","","±0.2","±0.2","±0.2","±0.1","±0.1","±0.1","±0.1","","±0.3","±0.3","±0.3","±0.3","","±0.3","±0.4","±0.2","±0.2","±0.2","±0.1"
"    Owner-occupied housing units","","","","","","","","","","","","","","","","","","","","","","","","","","","","","","","",""
"        Estimate","752,825","","","70.3%","27.9%","0.3%","0.6%","0.0%","0.3%","0.6%","1.2%","69.5%","","10.8%","16.4%","21.5%","22.5%","16.3%","9.6%","3.0%","","15.0%","28.4%","32.2%","24.5%","","9.9%","40.2%","22.8%","11.8%","9.0%","6.3%"
"        Margin of Error","±5,060","","","±0.3","±0.3","±0.1","±0.1","±0.1","±0.1","±0.1","±0.1","±0.3","","±0.2","±0.3","±0.3","±0.2","±0.2","±0.2","±0.1","","±0.3","±0.4","±0.4","±0.3","","±0.3","±0.4","±0.3","±0.3","±0.2","±0.2"
"    Renter-occupied housing units","","","","","","","","","","","","","","","","","","","","","","","","","","","","","","","",""
"        Estimate","339,802","","","46.3%","50.2%","0.4%","1.0%","0.0%","1.2%","0.9%","3.3%","44.4%","","37.3%","20.4%","17.8%","12.6%","6.7%","3.4%","1.8%","","20.2%","28.0%","36.1%","15.7%","","50.0%","39.6%","5.9%","2.2%","1.4%","1.0%"
"        Margin of Error","±3,636","","","±0.6","±0.5","±0.1","±0.1","±0.1","±0.2","±0.1","±0.2","±0.6","","±0.5","±0.5","±0.4","±0.3","±0.3","±0.2","±0.1","","±0.5","±0.6","±0.6","±0.5","","±0.7","±0.6","±0.3","±0.2","±0.1","±0.1"
"Missouri","","","","","","","","","","","","","","","","","","","","","","","","","","","","","","","",""
"    Occupied housing units","","","","","","","","","","","","","","","","","","","","","","","","","","","","","","","",""
"        Estimate","2,361,232","","","85.0%","11.0%","0.4%","1.4%","0.1%","0.7%","1.4%","2.6%","83.3%","","20.8%","16.5%","20.2%","18.9%","12.8%","7.7%","3.2%","","10.8%","29.1%","32.1%","28.0%","","24.9%","41.4%","16.9%","7.7%","5.2%","3.9%"
"        Margin of Error","±6,423","","","±0.1","±0.1","±0.1","±0.1","±0.1","±0.1","±0.1","±0.1","±0.1","","±0.1","±0.1","±0.1","±0.1","±0.1","±0.1","±0.1","","±0.1","±0.2","±0.2","±0.2","","±0.2","±0.2","±0.1","±0.1","±0.1","±0.1"
"    Owner-occupied housing units","","","","","","","","","","","","","","","","","","","","","","","","","","","","","","","",""
"        Estimate","1,604,282","","","90.4%","6.6%","0.3%","1.1%","0.0%","0.5%","1.1%","1.8%","89.2%","","12.2%","15.9%","21.9%","22.0%","15.6%","9.2%","3.2%","","8.8%","29.1%","30.3%","31.7%","","10.9%","43.0%","22.6%","10.7%","7.4%","5.4%"
"        Margin of Error","±8,061","","","±0.1","±0.1","±0.1","±0.1","±0.1","±0.1","±0.1","±0.1","±0.1","","±0.2","±0.1","±0.1","±0.1","±0.1","±0.1","±0.1","","±0.1","±0.2","±0.2","±0.2","","±0.2","±0.2","±0.2","±0.1","±0.1","±0.1"
"    Renter-occupied housing units","","","","","","","","","","","","","","","","","","","","","","","","","","","","","","","",""
"        Estimate","756,950","","","73.4%","20.5%","0.6%","2.0%","0.1%","1.3%","2.1%","4.2%","70.8%","","39.0%","17.9%","16.5%","12.4%","6.8%","4.4%","3.1%","","15.0%","29.1%","35.7%","20.2%","","54.6%","38.1%","4.8%","1.4%","0.6%","0.6%"
"        Margin of Error","±5,339","","","±0.3","±0.2","±0.1","±0.1","±0.1","±0.1","±0.1","±0.1","±0.3","","±0.3","±0.3","±0.3","±0.3","±0.2","±0.1","±0.1","","±0.3","±0.4","±0.4","±0.3","","±0.4","±0.4","±0.2","±0.1","±0.1","±0.1"
"Montana","","","","","","","","","","","","","","","","","","","","","","","","","","","","","","","",""
"    Occupied housing units","","","","","","","","","","","","","","","","","","","","","","","","","","","","","","","",""
"        Estimate","407,797","","","92.6%","0.3%","4.5%","0.6%","0.1%","0.3%","1.6%","2.2%","91.0%","","20.0%","14.8%","19.1%","21.3%","13.7%","7.8%","3.3%","","7.0%","27.8%","35.1%","30.1%","","24.5%","41.8%","16.7%","8.2%","5.3%","3.5%"
"        Margin of Error","±1,827","","","±0.2","±0.1","±0.1","±0.1","±0.1","±0.1","±0.1","±0.1","±0.2","","±0.3","±0.2","±0.2","±0.2","±0.2","±0.2","±0.1","","±0.3","±0.4","±0.5","±0.5","","±0.4","±0.5","±0.4","±0.2","±0.2","±0.1"
"    Owner-occupied housing units","","","","","","","","","","","","","","","","","","","","","","","","","","","","","","","",""
"        Estimate","276,201","","","94.8%","0.1%","3.2%","0.4%","0.0%","0.2%","1.3%","1.5%","93.6%","","10.5%","13.9%","21.0%","25.3%","17.0%","9.2%","3.0%","","5.4%","27.1%","33.5%","34.0%","","11.7%","42.8%","22.0%","11.2%","7.5%","4.8%"
"        Margin of Error","±2,280","","","±0.2","±0.1","±0.1","±0.1","±0.1","±0.1","±0.1","±0.1","±0.2","","±0.4","±0.3","±0.3","±0.4","±0.2","±0.2","±0.2","","±0.2","±0.5","±0.5","±0.5","","±0.4","±0.5","±0.5","±0.3","±0.3","±0.2"
"    Renter-occupied housing units","","","","","","","","","","","","","","","","","","","","","","","","","","","","","","","",""
"        Estimate","131,596","","","88.1%","0.9%","7.2%","0.8%","0.1%","0.6%","2.3%","3.6%","85.6%","","40.0%","16.7%","15.1%","13.0%","6.7%","4.7%","3.9%","","10.3%","29.3%","38.5%","22.0%","","51.2%","39.7%","5.6%","1.9%","0.8%","0.7%"
"        Margin of Error","±1,973","","","±0.5","±0.2","±0.4","±0.2","±0.1","±0.2","±0.3","±0.3","±0.6","","±0.8","±0.7","±0.6","±0.6","±0.4","±0.3","±0.2","","±0.6","±0.9","±0.9","±0.8","","±0.8","±0.9","±0.3","±0.2","±0.1","±0.1"
"Nebraska","","","","","","","","","","","","","","","","","","","","","","","","","","","","","","","",""
"    Occupied housing units","","","","","","","","","","","","","","","","","","","","","","","","","","","","","","","",""
"        Estimate","731,347","","","90.9%","4.3%","0.6%","1.5%","0.1%","1.4%","1.2%","6.2%","86.4%","","23.5%","16.6%","19.3%","18.2%","11.2%","7.6%","3.6%","","8.3%","26.1%","35.9%","29.7%","","26.2%","39.7%","15.8%","8.0%","5.9%","4.4%"
"        Margin of Error","±2,551","","","±0.1","±0.1","±0.1","±0.1","±0.1","±0.1","±0.1","±0.1","±0.1","","±0.2","±0.2","±0.1","±0.1","±0.1","±0.1","±0.1","","±0.2","±0.3","±0.3","±0.3","","±0.3","±0.3","±0.2","±0.1","±0.1","±0.1"
"    Owner-occupied housing units","","","","","","","","","","","","","","","","","","","","","","","","","","","","","","","",""
"        Estimate","486,036","","","94.5%","2.0%","0.4%","1.1%","0.0%","1.1%","0.8%","4.5%","91.3%","","13.6%","16.6%","21.6%","21.9%","14.1%","8.9%","3.4%","","6.4%","25.9%","34.2%","33.5%","","12.1%","41.0%","21.1%","11.1%","8.5%","6.2%"
"        Margin of Error","±3,115","","","±0.2","±0.1","±0.1","±0.1","±0.1","±0.1","±0.1","±0.2","±0.2","","±0.2","±0.2","±0.2","±0.2","±0.2","±0.1","±0.1","","±0.2","±0.3","±0.3","±0.4","","±0.3","±0.3","±0.3","±0.2","±0.2","±0.2"
"    Renter-occupied housing units","","","","","","","","","","","","","","","","","","","","","","","","","","","","","","","",""
"        Estimate","245,311","","","83.7%","8.7%","1.2%","2.3%","0.1%","1.9%","2.0%","9.6%","76.8%","","43.2%","16.8%","14.7%","10.8%","5.5%","4.9%","4.1%","","12.1%","26.4%","39.4%","22.2%","","54.2%","37.3%","5.4%","1.7%","0.7%","0.7%"
"        Margin of Error","±2,177","","","±0.4","±0.3","±0.1","±0.2","±0.1","±0.2","±0.2","±0.3","±0.4","","±0.5","±0.5","±0.4","±0.4","±0.2","±0.2","±0.2","","±0.4","±0.6","±0.7","±0.6","","±0.7","±0.6","±0.3","±0.1","±0.1","±0.1"
"Nevada","","","","","","","","","","","","","","","","","","","","","","","","","","","","","","","",""
"    Occupied housing units","","","","","","","","","","","","","","","","","","","","","","","","","","","","","","","",""
"        Estimate","1,005,958","","","75.3%","8.3%","1.0%","6.6%","0.5%","5.8%","2.6%","19.4%","62.6%","","20.6%","19.4%","20.5%","18.2%","13.1%","6.3%","1.9%","","12.5%","25.4%","37.0%","25.2%","","36.7%","43.9%","13.5%","3.5%","1.6%","0.7%"
"        Margin of Error","±4,387","","","±0.3","±0.1","±0.1","±0.1","±0.1","±0.2","±0.1","±0.2","±0.2","","±0.2","±0.2","±0.2","±0.2","±0.1","±0.1","±0.1","","±0.2","±0.3","±0.4","±0.3","","±0.3","±0.3","±0.2","±0.1","±0.1","±0.1"
"    Owner-occupied housing units","","","","","","","","","","","","","","","","","","","","","","","","","","","","","","","",""
"        Estimate","559,911","","","80.6%","4.6%","0.9%","7.1%","0.3%","4.4%","2.1%","15.1%","70.6%","","11.1%","16.5%","21.5%","22.2%","17.6%","8.7%","2.3%","","9.8%","22.9%","36.2%","31.1%","","16.7%","51.6%","21.8%","5.9%","2.7%","1.3%"
"        Margin of Error","±4,863","","","±0.4","±0.1","±0.1","±0.2","±0.1","±0.2","±0.1","±0.3","±0.4","","±0.3","±0.2","±0.3","±0.2","±0.2","±0.2","±0.1","","±0.2","±0.4","±0.4","±0.4","","±0.3","±0.4","±0.3","±0.2","±0.1","±0.1"
"    Renter-occupied housing units","","","","","","","","","","","","","","","","","","","","","","","","","","","","","","","",""
"        Estimate","446,047","","","68.6%","13.0%","1.1%","5.9%","0.7%","7.5%","3.1%","24.8%","52.5%","","32.4%","22.9%","19.2%","13.1%","7.5%","3.3%","1.5%","","15.9%","28.5%","37.9%","17.7%","","61.8%","34.2%","3.1%","0.6%","0.2%","0.1%"
"        Margin of Error","±4,127","","","±0.4","±0.3","±0.1","±0.2","±0.1","±0.3","±0.2","±0.4","±0.4","","±0.5","±0.4","±0.4","±0.3","±0.3","±0.2","±0.1","","±0.4","±0.6","±0.6","±0.5","","±0.5","±0.5","±0.2","±0.1","±0.1","±0.1"
"New Hampshire","","","","","","","","","","","","","","","","","","","","","","","","","","","","","","","",""
"    Occupied housing units","","","","","","","","","","","","","","","","","","","","","","","","","","","","","","","",""
"        Estimate","519,580","","","95.4%","1.0%","0.2%","1.8%","0.0%","0.4%","1.2%","2.1%","93.9%","","15.8%","16.9%","23.6%","20.9%","12.8%","7.1%","2.8%","","7.0%","26.8%","30.1%","36.1%","","21.5%","40.5%","18.1%","10.6%","5.4%","3.8%"
"        Margin of Error","±2,032","","","±0.1","±0.1","±0.1","±0.1","±0.1","±0.1","±0.1","±0.1","±0.1","","±0.2","±0.2","±0.2","±0.2","±0.1","±0.1","±0.1","","±0.2","±0.4","±0.4","±0.5","","±0.4","±0.4","±0.3","±0.3","±0.2","±0.2"
"    Owner-occupied housing units","","","","","","","","","","","","","","","","","","","","","","","","","","","","","","","",""
"        Estimate","369,160","","","96.9%","0.5%","0.1%","1.4%","0.0%","0.2%","0.8%","1.2%","96.0%","","8.6%","16.2%","25.8%","24.3%","14.8%","7.7%","2.5%","","5.3%","24.7%","29.2%","40.8%","","9.9%","40.5%","22.9%","14.2%","7.3%","5.2%"
"        Margin of Error","±2,439","","","±0.1","±0.1","±0.1","±0.1","±0.1","±0.1","±0.1","±0.1","±0.1","","±0.3","±0.3","±0.3","±0.3","±0.2","±0.2","±0.1","","±0.2","±0.5","±0.4","±0.5","","±0.3","±0.4","±0.4","±0.4","±0.3","±0.2"
"    Renter-occupied housing units","","","","","","","","","","","","","","","","","","","","","","","","","","","","","","","",""
"        Estimate","150,420","","","91.9%","2.1%","0.3%","2.9%","0.0%","0.9%","1.9%","4.4%","88.8%","","33.6%","18.6%","18.3%","12.6%","7.7%","5.5%","3.5%","","11.3%","31.8%","32.5%","24.4%","","50.0%","40.3%","6.3%","2.0%","0.8%","0.6%"
"        Margin of Error","±2,048","","","±0.4","±0.3","±0.1","±0.2","±0.1","±0.2","±0.3","±0.3","±0.4","","±0.7","±0.6","±0.6","±0.5","±0.4","±0.4","±0.3","","±0.6","±1.0","±1.0","±0.8","","±1.0","±1.0","±0.4","±0.2","±0.2","±0.1"
"New Jersey","","","","","","","","","","","","","","","","","","","","","","","","","","","","","","","",""
"    Occupied housing units","","","","","","","","","","","","","","","","","","","","","","","","","","","","","","","",""
"        Estimate","3,188,498","","","72.6%","13.2%","0.2%","7.5%","0.0%","4.9%","1.6%","14.7%","63.8%","","14.8%","19.0%","23.2%","19.5%","12.5%","7.5%","3.5%","","10.2%","26.7%","24.6%","38.5%","","19.7%","42.1%","18.2%","9.2%","5.7%","5.2%"
"        Margin of Error","±6,117","","","±0.1","±0.1","±0.1","±0.1","±0.1","±0.1","±0.1","±0.1","±0.1","","±0.1","±0.1","±0.1","±0.1","±0.1","±0.1","±0.1","","±0.1","±0.2","±0.2","±0.2","","±0.2","±0.2","±0.1","±0.1","±0.1","±0.1"
"    Owner-occupied housing units","","","","","","","","","","","","","","","","","","","","","","","","","","","","","","","",""
"        Estimate","2,073,915","","","81.1%","8.1%","0.1%","7.2%","0.0%","2.2%","1.2%","8.2%","75.7%","","7.4%","17.5%","25.1%","22.6%","14.9%","8.8%","3.8%","","6.6%","24.4%","24.2%","44.8%","","8.1%","40.4%","23.4%","12.5%","8.1%","7.5%"
"        Margin of Error","±9,960","","","±0.1","±0.1","±0.1","±0.1","±0.1","±0.1","±0.1","±0.1","±0.1","","±0.1","±0.1","±0.1","±0.1","±0.1","±0.1","±0.1","","±0.1","±0.2","±0.2","±0.3","","±0.1","±0.2","±0.2","±0.1","±0.1","±0.1"
"    Renter-occupied housing units","","","","","","","","","","","","","","","","","","","","","","","","","","","","","","","",""
"        Estimate","1,114,583","","","56.7%","22.6%","0.3%","8.2%","0.0%","9.8%","2.3%","26.7%","41.7%","","28.6%","21.7%","19.6%","13.7%","8.0%","5.2%","3.2%","","16.8%","30.9%","25.4%","26.9%","","41.1%","45.2%","8.6%","2.9%","1.3%","0.9%"
"        Margin of Error","±6,766","","","±0.3","±0.2","±0.1","±0.1","±0.1","±0.2","±0.1","±0.2","±0.3","","±0.2","±0.3","±0.2","±0.2","±0.2","±0.1","±0.1","","±0.3","±0.4","±0.3","±0.2","","±0.3","±0.3","±0.2","±0.1","±0.1","±0.1"
"New Mexico","","","","","","","","","","","","","","","","","","","","","","","","","","","","","","","",""
"    Occupied housing units","","","","","","","","","","","","","","","","","","","","","","","","","","","","","","","",""
"        Estimate","764,684","","","78.0%","2.0%","6.5%","1.2%","0.0%","10.0%","2.2%","40.1%","49.3%","","19.6%","16.3%","19.6%","20.3%","13.9%","7.6%","2.7%","","13.9%","23.4%","33.8%","28.9%","","23.5%","42.1%","17.1%","8.1%","5.2%","3.9%"
"        Margin of Error","±2,848","","","±0.3","±0.1","±0.1","±0.1","±0.1","±0.2","±0.1","±0.2","±0.2","","±0.2","±0.2","±0.2","±0.2","±0.1","±0.2","±0.1","","±0.3","±0.3","±0.3","±0.3","","±0.3","±0.3","±0.3","±0.2","±0.1","±0.1"
"    Owner-occupied housing units","","","","","","","","","","","","","","","","","","","","","","","","","","","","","","","",""
"        Estimate","521,278","","","80.2%","1.4%","6.1%","1.1%","0.0%","9.3%","1.9%","39.0%","51.9%","","10.7%","14.8%","20.9%","23.8%","17.1%","9.6%","3.1%","","12.8%","23.1%","31.7%","32.4%","","9.9%","43.4%","22.7%","11.3%","7.3%","5.5%"
"        Margin of Error","±3,852","","","±0.3","±0.1","±0.1","±0.1","±0.1","±0.3","±0.1","±0.3","±0.3","","±0.3","±0.3","±0.2","±0.2","±0.2","±0.2","±0.1","","±0.3","±0.4","±0.4","±0.4","","±0.3","±0.4","±0.4","±0.3","±0.2","±0.2"
"    Renter-occupied housing units","","","","","","","","","","","","","","","","","","","","","","","","","","","","","","","",""
"        Estimate","243,406","","","73.2%","3.4%","7.6%","1.5%","0.1%","11.3%","2.9%","42.6%","43.8%","","38.7%","19.4%","16.9%","12.6%","7.1%","3.4%","1.8%","","16.4%","24.1%","38.1%","21.3%","","52.8%","39.2%","5.2%","1.5%","0.7%","0.6%"
"        Margin of Error","±2,804","","","±0.7","±0.2","±0.3","±0.2","±0.1","±0.5","±0.3","±0.7","±0.7","","±0.8","±0.6","±0.5","±0.4","±0.3","±0.3","±0.2","","±0.5","±0.7","±0.7","±0.6","","±0.7","±0.7","±0.3","±0.2","±0.1","±0.1"
"New York","","","","","","","","","","","","","","","","","","","","","","","","","","","","","","","",""
"    Occupied housing units","","","","","","","","","","","","","","","","","","","","","","","","","","","","","","","",""
"        Estimate","7,255,528","","","70.0%","14.7%","0.4%","6.5%","0.0%","6.6%","1.9%","14.6%","63.5%","","17.8%","18.0%","21.6%","19.3%","12.4%","7.5%","3.4%","","12.8%","24.8%","26.3%","36.1%","","20.3%","38.8%","18.1%","9.9%","7.1%","5.9%"
"        Margin of Error","±10,898","","","±0.1","±0.1","±0.1","±0.1","±0.1","±0.1","±0.1","±0.1","±0.1","","±0.1","±0.1","±0.1","±0.1","±0.1","±0.1","±0.1","","±0.1","±0.1","±0.1","±0.2","","±0.1","±0.1","±0.1","±0.1","±0.1","±0.1"
"    Owner-occupied housing units","","","","","","","","","","","","","","","","","","","","","","","","","","","","","","","",""
"        Estimate","3,906,991","","","82.4%","8.4%","0.3%","5.6%","0.0%","2.2%","1.2%","6.5%","78.5%","","8.0%","16.3%","24.2%","23.5%","15.3%","9.1%","3.7%","","7.6%","24.4%","27.2%","40.9%","","8.6%","35.9%","23.0%","13.8%","9.7%","9.0%"
"        Margin of Error","±15,535","","","±0.1","±0.1","±0.1","±0.1","±0.1","±0.1","±0.1","±0.1","±0.1","","±0.1","±0.1","±0.1","±0.1","±0.1","±0.1","±0.1","","±0.1","±0.1","±0.1","±0.2","","±0.1","±0.2","±0.1","±0.1","±0.1","±0.1"
"    Renter-occupied housing units","","","","","","","","","","","","","","","","","","","","","","","","","","","","","","","",""
"        Estimate","3,348,537","","","55.5%","22.0%","0.5%","7.6%","0.0%","11.8%","2.6%","24.0%","46.0%","","29.4%","19.9%","18.6%","14.5%","9.0%","5.6%","3.0%","","18.9%","25.3%","25.2%","30.6%","","34.0%","42.2%","12.2%","5.4%","4.0%","2.2%"
"        Margin of Error","±9,594","","","±0.1","±0.1","±0.1","±0.1","±0.1","±0.1","±0.1","±0.1","±0.1","","±0.1","±0.1","±0.1","±0.1","±0.1","±0.1","±0.1","","±0.1","±0.2","±0.2","±0.2","","±0.2","±0.2","±0.1","±0.1","±0.1","±0.1"
"North Carolina","","","","","","","","","","","","","","","","","","","","","","","","","","","","","","","",""
"    Occupied housing units","","","","","","","","","","","","","","","","","","","","","","","","","","","","","","","",""
"        Estimate","3,742,514","","","72.9%","21.0%","1.0%","1.9%","0.0%","1.9%","1.3%","5.7%","69.5%","","19.8%","18.8%","20.3%","18.6%","12.9%","7.1%","2.6%","","12.9%","24.5%","32.8%","29.7%","","24.9%","42.1%","16.2%","7.3%","5.1%","4.4%"
"        Margin of Error","±9,967","","","±0.1","±0.1","±0.1","±0.1","±0.1","±0.1","±0.1","±0.1","±0.1","","±0.1","±0.1","±0.1","±0.1","±0.1","±0.1","±0.1","","±0.1","±0.2","±0.2","±0.2","","±0.2","±0.2","±0.1","±0.1","±0.1","±0.1"
"    Owner-occupied housing units","","","","","","","","","","","","","","","","","","","","","","","","","","","","","","","",""
"        Estimate","2,461,741","","","80.1%","15.0%","1.0%","1.8%","0.0%","1.1%","1.0%","3.7%","77.7%","","10.2%","17.7%","22.0%","22.1%","16.2%","8.8%","2.9%","","10.6%","23.9%","31.5%","34.0%","","10.2%","43.8%","22.1%","10.4%","7.3%","6.2%"
"        Margin of Error","±13,326","","","±0.1","±0.1","±0.1","±0.1","±0.1","±0.1","±0.1","±0.1","±0.1","","±0.1","±0.1","±0.1","±0.1","±0.1","±0.1","±0.1","","±0.1","±0.2","±0.2","±0.2","","±0.1","±0.2","±0.1","±0.1","±0.1","±0.1"
"    Renter-occupied housing units","","","","","","","","","","","","","","","","","","","","","","","","","","","","","","","",""
"        Estimate","1,280,773","","","59.0%","32.4%","1.1%","2.2%","0.1%","3.5%","1.8%","9.4%","53.7%","","38.2%","20.9%","16.9%","11.9%","6.4%","3.7%","2.0%","","17.4%","25.8%","35.3%","21.5%","","53.0%","39.0%","4.8%","1.5%","0.8%","0.9%"
"        Margin of Error","±7,026","","","±0.3","±0.3","±0.1","±0.1","±0.1","±0.1","±0.1","±0.2","±0.3","","±0.3","±0.3","±0.2","±0.2","±0.1","±0.1","±0.1","","±0.2","±0.3","±0.3","±0.2","","±0.3","±0.3","±0.2","±0.1","±0.1","±0.1"
"North Dakota","","","","","","","","","","","","","","","","","","","","","","","","","","","","","","","",""
"    Occupied housing units","","","","","","","","","","","","","","","","","","","","","","","","","","","","","","","",""
"        Estimate","292,616","","","92.3%","1.3%","3.8%","0.9%","0.0%","0.5%","1.1%","1.7%","91.3%","","27.2%","14.6%","18.2%","17.9%","10.6%","7.8%","3.6%","","8.0%","26.3%","38.5%","27.2%","","28.8%","38.0%","15.1%","8.0%","5.8%","4.4%"
"        Margin of Error","±1,578","","","±0.2","±0.1","±0.1","±0.1","±0.1","±0.1","±0.1","±0.1","±0.2","","±0.3","±0.2","±0.2","±0.2","±0.2","±0.2","±0.2","","±0.3","±0.5","±0.5","±0.5","","±0.5","±0.6","±0.3","±0.2","±0.2","±0.1"
"    Owner-occupied housing units","","","","","","","","","","","","","","","","","","","","","","","","","","","","","","","",""
"        Estimate","190,620","","","95.5%","0.2%","2.7%","0.4%","0.0%","0.3%","0.8%","1.1%","94.8%","","15.8%","16.0%","21.1%","22.2%","13.3%","8.7%","2.9%","","7.0%","26.5%","36.5%","30.1%","","15.0%","38.8%","20.1%","11.3%","8.6%","6.3%"
"        Margin of Error","±1,601","","","±0.2","±0.1","±0.2","±0.1","±0.1","±0.1","±0.2","±0.1","±0.3","","±0.4","±0.3","±0.3","±0.3","±0.2","±0.3","±0.2","","±0.3","±0.6","±0.6","±0.5","","±0.5","±0.5","±0.4","±0.3","±0.3","±0.2"
"    Renter-occupied housing units","","","","","","","","","","","","","","","","","","","","","","","","","","","","","","","",""
"        Estimate","101,996","","","86.4%","3.3%","5.9%","1.8%","0.0%","0.8%","1.7%","2.7%","84.8%","","48.5%","11.9%","12.9%","10.0%","5.6%","6.2%","5.0%","","9.9%","26.0%","42.2%","21.9%","","54.7%","36.5%","5.7%","1.8%","0.6%","0.7%"
"        Margin of Error","±1,550","","","±0.6","±0.3","±0.4","±0.2","±0.1","±0.2","±0.3","±0.3","±0.6","","±0.9","±0.6","±0.6","±0.6","±0.4","±0.4","±0.4","","±0.6","±0.9","±1.0","±1.0","","±1.0","±1.0","±0.5","±0.2","±0.1","±0.1"
"Ohio","","","","","","","","","","","","","","","","","","","","","","","","","","","","","","","",""
"    Occupied housing units","","","","","","","","","","","","","","","","","","","","","","","","","","","","","","","",""
"        Estimate","4,570,015","","","84.3%","12.1%","0.2%","1.5%","0.0%","0.6%","1.3%","2.3%","82.8%","","19.0%","16.9%","20.7%","19.7%","12.6%","7.8%","3.4%","","10.3%","32.2%","30.6%","26.8%","","22.8%","39.4%","17.2%","8.5%","6.4%","5.7%"
"        Margin of Error","±10,810","","","±0.1","±0.1","±0.1","±0.1","±0.1","±0.1","±0.1","±0.1","±0.1","","±0.1","±0.1","±0.1","±0.1","±0.1","±0.1","±0.1","","±0.1","±0.1","±0.1","±0.2","","±0.2","±0.1","±0.1","±0.1","±0.1","±0.1"
"    Owner-occupied housing units","","","","","","","","","","","","","","","","","","","","","","","","","","","","","","","",""
"        Estimate","3,056,206","","","90.6%","6.7%","0.1%","1.2%","0.0%","0.4%","0.9%","1.5%","89.6%","","10.4%","16.0%","22.3%","22.9%","15.4%","9.4%","3.6%","","8.0%","32.0%","29.0%","31.1%","","9.3%","38.8%","22.9%","11.8%","9.2%","8.1%"
"        Margin of Error","±14,821","","","±0.1","±0.1","±0.1","±0.1","±0.1","±0.1","±0.1","±0.1","±0.1","","±0.1","±0.1","±0.1","±0.1","±0.1","±0.1","±0.1","","±0.1","±0.2","±0.2","±0.2","","±0.1","±0.1","±0.1","±0.1","±0.1","±0.1"
"    Renter-occupied housing units","","","","","","","","","","","","","","","","","","","","","","","","","","","","","","","",""
"        Estimate","1,513,809","","","71.5%","22.9%","0.3%","2.1%","0.0%","1.1%","2.1%","3.9%","69.2%","","36.2%","18.6%","17.2%","13.2%","7.1%","4.5%","3.1%","","15.0%","32.7%","34.0%","18.3%","","50.2%","40.6%","5.7%","1.9%","0.8%","0.8%"
"        Margin of Error","±7,184","","","±0.2","±0.2","±0.1","±0.1","±0.1","±0.1","±0.1","±0.1","±0.2","","±0.2","±0.2","±0.2","±0.2","±0.1","±0.1","±0.1","","±0.2","±0.3","±0.3","±0.2","","±0.3","±0.3","±0.1","±0.1","±0.1","±0.1"
"Oklahoma","","","","","","","","","","","","","","","","","","","","","","","","","","","","","","","",""
"    Occupied housing units","","","","","","","","","","","","","","","","","","","","","","","","","","","","","","","",""
"        Estimate","1,450,117","","","77.8%","7.1%","6.2%","1.5%","0.1%","1.8%","5.5%","6.2%","74.1%","","22.4%","16.8%","19.0%","18.5%","12.9%","7.6%","2.8%","","11.7%","29.3%","33.6%","25.4%","","27.6%","41.2%","15.0%","7.5%","5.4%","3.4%"
"        Margin of Error","±3,649","","","±0.2","±0.1","±0.1","±0.1","±0.1","±0.1","±0.1","±0.1","±0.1","","±0.1","±0.1","±0.1","±0.1","±0.1","±0.1","±0.1","","±0.1","±0.2","±0.2","±0.2","","±0.2","±0.2","±0.2","±0.1","±0.1","±0.1"
"    Owner-occupied housing units","","","","","","","","","","","","","","","","","","","","","","","","","","","","","","","",""
"        Estimate","964,573","","","82.3%","4.4%","5.8%","1.3%","0.0%","1.4%","4.8%","4.6%","79.5%","","13.0%","15.5%","20.6%","22.0%","16.3%","9.5%","3.1%","","9.9%","28.5%","32.2%","29.4%","","13.0%","43.4%","20.5%","10.6%","7.7%","4.8%"
"        Margin of Error","±4,453","","","±0.2","±0.1","±0.1","±0.1","±0.1","±0.1","±0.1","±0.1","±0.2","","±0.1","±0.2","±0.1","±0.2","±0.1","±0.1","±0.1","","±0.2","±0.3","±0.3","±0.2","","±0.2","±0.3","±0.2","±0.2","±0.1","±0.1"
"    Renter-occupied housing units","","","","","","","","","","","","","","","","","","","","","","","","","","","","","","","",""
"        Estimate","485,544","","","69.0%","12.6%","7.0%","1.9%","0.2%","2.6%","6.7%","9.3%","63.4%","","41.1%","19.2%","15.9%","11.5%","6.1%","3.9%","2.3%","","15.4%","30.9%","36.3%","17.3%","","56.6%","36.6%","4.2%","1.4%","0.6%","0.6%"
"        Margin of Error","±3,576","","","±0.4","±0.3","±0.2","±0.1","±0.1","±0.2","±0.2","±0.2","±0.3","","±0.4","±0.3","±0.3","±0.2","±0.2","±0.1","±0.1","","±0.3","±0.3","±0.4","±0.3","","±0.4","±0.4","±0.1","±0.1","±0.1","±0.1"
"Oregon","","","","","","","","","","","","","","","","","","","","","","","","","","","","","","","",""
"    Occupied housing units","","","","","","","","","","","","","","","","","","","","","","","","","","","","","","","",""
"        Estimate","1,522,988","","","89.0%","1.6%","1.1%","3.2%","0.3%","2.3%","2.6%","7.7%","84.1%","","20.1%","17.2%","18.6%","20.1%","13.3%","7.2%","3.5%","","8.7%","21.8%","37.3%","32.2%","","28.1%","43.3%","15.6%","6.5%","4.2%","2.3%"
"        Margin of Error","±4,103","","","±0.1","±0.1","±0.1","±0.1","±0.1","±0.1","±0.1","±0.1","±0.1","","±0.1","±0.1","±0.1","±0.1","±0.1","±0.1","±0.1","","±0.2","±0.2","±0.3","±0.2","","±0.3","±0.3","±0.2","±0.1","±0.1","±0.1"
"    Owner-occupied housing units","","","","","","","","","","","","","","","","","","","","","","","","","","","","","","","",""
"        Estimate","936,806","","","91.9%","0.8%","0.8%","3.1%","0.1%","1.4%","1.9%","5.0%","88.6%","","8.8%","16.0%","20.4%","24.9%","17.4%","9.0%","3.5%","","6.4%","20.3%","35.7%","37.5%","","12.2%","45.4%","22.5%","9.8%","6.7%","3.5%"
"        Margin of Error","±5,825","","","±0.2","±0.1","±0.1","±0.1","±0.1","±0.1","±0.1","±0.1","±0.2","","±0.2","±0.2","±0.2","±0.2","±0.2","±0.1","±0.1","","±0.2","±0.3","±0.3","±0.3","","±0.2","±0.4","±0.3","±0.2","±0.1","±0.1"
"    Renter-occupied housing units","","","","","","","","","","","","","","","","","","","","","","","","","","","","","","","",""
"        Estimate","586,182","","","84.3%","2.8%","1.5%","3.4%","0.5%","3.8%","3.7%","12.0%","77.0%","","38.3%","19.2%","15.6%","12.5%","6.7%","4.2%","3.6%","","12.2%","24.2%","39.8%","23.7%","","53.4%","40.0%","4.6%","1.3%","0.4%","0.3%"
"        Margin of Error","±4,559","","","±0.3","±0.1","±0.1","±0.1","±0.1","±0.2","±0.2","±0.3","±0.3","","±0.4","±0.3","±0.3","±0.3","±0.2","±0.2","±0.2","","±0.4","±0.4","±0.4","±0.4","","±0.5","±0.5","±0.2","±0.1","±0.1","±0.1"
"Pennsylvania","","","","","","","","","","","","","","","","","","","","","","","","","","","","","","","",""
"    Occupied housing units","","","","","","","","","","","","","","","","","","","","","","","","","","","","","","","",""
"        Estimate","4,957,736","","","85.1%","9.9%","0.2%","2.3%","0.0%","1.4%","1.1%","4.3%","82.7%","","16.9%","16.4%","20.9%","20.0%","13.1%","8.6%","4.0%","","10.1%","34.5%","25.8%","29.7%","","19.6%","38.0%","17.5%","10.0%","7.3%","7.7%"
"        Margin of Error","±9,670","","","±0.1","±0.1","±0.1","±0.1","±0.1","±0.1","±0.1","±0.1","±0.1","","±0.1","±0.1","±0.1","±0.1","±0.1","±0.1","±0.1","","±0.1","±0.1","±0.1","±0.2","","±0.1","±0.1","±0.1","±0.1","±0.1","±0.1"
"    Owner-occupied housing units","","","","","","","","","","","","","","","","","","","","","","","","","","","","","","","",""
"        Estimate","3,446,230","","","90.1%","6.3%","0.1%","2.0%","0.0%","0.7%","0.7%","2.6%","88.6%","","9.4%","16.1%","22.8%","23.1%","15.4%","9.5%","3.7%","","8.0%","34.3%","24.9%","32.8%","","8.4%","36.0%","21.9%","13.3%","10.0%","10.5%"
"        Margin of Error","±15,082","","","±0.1","±0.1","±0.1","±0.1","±0.1","±0.1","±0.1","±0.1","±0.1","","±0.1","±0.1","±0.1","±0.1","±0.1","±0.1","±0.1","","±0.1","±0.2","±0.1","±0.2","","±0.1","±0.1","±0.1","±0.1","±0.1","±0.1"
"    Renter-occupied housing units","","","","","","","","","","","","","","","","","","","","","","","","","","","","","","","",""
"        Estimate","1,511,506","","","73.7%","18.2%","0.3%","3.2%","0.0%","2.7%","1.9%","8.2%","69.2%","","34.2%","17.3%","16.5%","12.9%","8.0%","6.5%","4.7%","","14.8%","34.9%","27.9%","22.4%","","44.9%","42.5%","7.4%","2.5%","1.2%","1.5%"
"        Margin of Error","±8,256","","","±0.2","±0.2","±0.1","±0.1","±0.1","±0.1","±0.1","±0.2","±0.2","","±0.2","±0.2","±0.2","±0.2","±0.1","±0.1","±0.1","","±0.2","±0.3","±0.2","±0.2","","±0.3","±0.3","±0.1","±0.1","±0.1","±0.1"
"Rhode Island","","","","","","","","","","","","","","","","","","","","","","","","","","","","","","","",""
"    Occupied housing units","","","","","","","","","","","","","","","","","","","","","","","","","","","","","","","",""
"        Estimate","409,569","","","85.6%","5.4%","0.4%","2.3%","0.0%","4.6%","1.6%","9.7%","81.0%","","17.5%","17.0%","21.9%","19.7%","12.1%","7.7%","4.1%","","13.2%","24.9%","28.6%","33.2%","","23.3%","38.1%","16.9%","9.0%","6.4%","6.3%"
"        Margin of Error","±1,699","","","±0.3","±0.2","±0.1","±0.1","±0.1","±0.2","±0.1","±0.2","±0.3","","±0.3","±0.2","±0.3","±0.2","±0.2","±0.2","±0.2","","±0.4","±0.5","±0.5","±0.5","","±0.4","±0.5","±0.4","±0.2","±0.2","±0.2"
"    Owner-occupied housing units","","","","","","","","","","","","","","","","","","","","","","","","","","","","","","","",""
"        Estimate","246,829","","","92.0%","2.8%","0.2%","1.9%","0.0%","2.1%","1.0%","4.5%","89.6%","","8.3%","16.2%","24.3%","23.6%","14.5%","9.0%","4.1%","","8.6%","22.9%","27.2%","41.3%","","8.9%","35.8%","22.3%","13.1%","10.0%","9.8%"
"        Margin of Error","±2,163","","","±0.3","±0.2","±0.1","±0.2","±0.1","±0.2","±0.1","±0.3","±0.4","","±0.3","±0.4","±0.4","±0.3","±0.3","±0.3","±0.2","","±0.4","±0.6","±0.7","±0.7","","±0.4","±0.6","±0.5","±0.4","±0.4","±0.3"
"    Renter-occupied housing units","","","","","","","","","","","","","","","","","","","","","","","","","","","","","","","",""
"        Estimate","162,740","","","75.9%","9.5%","0.9%","3.0%","0.1%","8.2%","2.5%","17.8%","68.0%","","31.6%","18.1%","18.1%","13.7%","8.5%","5.9%","4.2%","","20.2%","28.1%","30.7%","21.0%","","45.1%","41.5%","8.8%","2.7%","1.0%","1.0%"
"        Margin of Error","±2,072","","","±0.7","±0.5","±0.1","±0.2","±0.1","±0.5","±0.3","±0.5","±0.7","","±0.7","±0.6","±0.7","±0.5","±0.4","±0.4","±0.3","","±0.8","±0.8","±0.9","±0.6","","±0.9","±0.9","±0.4","±0.3","±0.1","±0.2"
"South Carolina","","","","","","","","","","","","","","","","","","","","","","","","","","","","","","","",""
"    Occupied housing units","","","","","","","","","","","","","","","","","","","","","","","","","","","","","","","",""
"        Estimate","1,795,715","","","70.4%","26.1%","0.3%","1.1%","0.0%","1.0%","1.0%","3.5%","68.2%","","18.9%","17.1%","19.9%","19.7%","14.3%","7.5%","2.6%","","13.7%","27.5%","31.5%","27.2%","","23.9%","41.6%","16.4%","7.8%","5.7%","4.6%"
"        Margin of Error","±5,585","","","±0.2","±0.1","±0.1","±0.1","±0.1","±0.1","±0.1","±0.1","±0.2","","±0.1","±0.1","±0.1","±0.1","±0.1","±0.1","±0.1","","±0.2","±0.3","±0.2","±0.2","","±0.2","±0.2","±0.2","±0.1","±0.1","±0.1"
"    Owner-occupied housing units","","","","","","","","","","","","","","","","","","","","","","","","","","","","","","","",""
"        Estimate","1,232,154","","","77.1%","20.1%","0.3%","1.0%","0.0%","0.6%","0.8%","2.2%","75.6%","","10.3%","15.8%","20.8%","22.9%","17.9%","9.4%","2.9%","","11.5%","26.8%","30.5%","31.2%","","10.7%","43.1%","21.6%","10.5%","7.8%","6.2%"
"        Margin of Error","±7,082","","","±0.2","±0.2","±0.1","±0.1","±0.1","±0.1","±0.1","±0.1","±0.2","","±0.2","±0.2","±0.2","±0.2","±0.2","±0.1","±0.1","","±0.2","±0.3","±0.3","±0.3","","±0.2","±0.3","±0.2","±0.1","±0.1","±0.1"
"    Renter-occupied housing units","","","","","","","","","","","","","","","","","","","","","","","","","","","","","","","",""
"        Estimate","563,561","","","55.7%","39.0%","0.4%","1.4%","0.1%","2.0%","1.4%","6.2%","51.9%","","37.9%","20.0%","17.9%","12.7%","6.4%","3.3%","1.8%","","18.6%","29.2%","33.8%","18.5%","","52.8%","38.4%","5.1%","1.9%","1.0%","0.9%"
"        Margin of Error","±4,509","","","±0.4","±0.4","±0.1","±0.1","±0.1","±0.1","±0.1","±0.2","±0.4","","±0.5","±0.4","±0.4","±0.3","±0.2","±0.1","±0.1","","±0.4","±0.4","±0.5","±0.4","","±0.4","±0.4","±0.2","±0.1","±0.1","±0.1"
"South Dakota","","","","","","","","","","","","","","","","","","","","","","","","","","","","","","","",""
"    Occupied housing units","","","","","","","","","","","","","","","","","","","","","","","","","","","","","","","",""
"        Estimate","327,101","","","90.6%","1.2%","5.5%","0.8%","0.0%","0.6%","1.3%","2.0%","89.4%","","22.7%","15.6%","19.5%","18.8%","11.7%","7.8%","3.8%","","8.6%","29.7%","34.6%","27.2%","","25.4%","41.1%","16.4%","7.8%","5.2%","4.1%"
"        Margin of Error","±1,655","","","±0.2","±0.1","±0.2","±0.1","±0.1","±0.1","±0.1","±0.1","±0.2","","±0.3","±0.3","±0.3","±0.2","±0.2","±0.2","±0.2","","±0.3","±0.4","±0.5","±0.4","","±0.5","±0.5","±0.4","±0.3","±0.2","±0.1"
"    Owner-occupied housing units","","","","","","","","","","","","","","","","","","","","","","","","","","","","","","","",""
"        Estimate","222,589","","","94.9%","0.4%","3.0%","0.4%","0.0%","0.4%","0.9%","1.2%","94.1%","","14.0%","16.0%","22.0%","22.4%","14.2%","8.6%","2.9%","","6.4%","29.6%","33.5%","30.6%","","13.1%","42.4%","21.2%","10.4%","7.2%","5.6%"
"        Margin of Error","±1,662","","","±0.2","±0.1","±0.1","±0.1","±0.1","±0.1","±0.1","±0.1","±0.2","","±0.4","±0.3","±0.4","±0.4","±0.2","±0.3","±0.2","","±0.2","±0.5","±0.6","±0.5","","±0.4","±0.6","±0.4","±0.4","±0.3","±0.2"
"    Renter-occupied housing units","","","","","","","","","","","","","","","","","","","","","","","","","","","","","","","",""
"        Estimate","104,512","","","81.5%","2.9%","10.6%","1.5%","0.1%","1.2%","2.2%","3.7%","79.4%","","41.4%","14.9%","14.3%","11.1%","6.5%","6.2%","5.6%","","13.2%","29.8%","36.9%","20.1%","","51.5%","38.2%","6.2%","2.2%","0.9%","1.0%"
"        Margin of Error","±1,513","","","±0.6","±0.3","±0.5","±0.2","±0.1","±0.2","±0.3","±0.3","±0.7","","±0.9","±0.7","±0.7","±0.5","±0.4","±0.4","±0.4","","±0.6","±0.8","±0.9","±0.7","","±0.9","±0.9","±0.4","±0.3","±0.2","±0.1"
"Tennessee","","","","","","","","","","","","","","","","","","","","","","","","","","","","","","","",""
"    Occupied housing units","","","","","","","","","","","","","","","","","","","","","","","","","","","","","","","",""
"        Estimate","2,487,349","","","80.5%","15.7%","0.3%","1.2%","0.0%","1.0%","1.2%","3.2%","78.5%","","19.6%","17.9%","20.1%","19.2%","13.3%","7.3%","2.6%","","13.8%","30.6%","29.5%","26.0%","","24.9%","41.3%","16.7%","7.6%","5.3%","4.2%"
"        Margin of Error","±6,925","","","±0.1","±0.1","±0.1","±0.1","±0.1","±0.1","±0.1","±0.1","±0.1","","±0.1","±0.1","±0.1","±0.1","±0.1","±0.1","±0.1","","±0.1","±0.2","±0.2","±0.2","","±0.2","±0.2","±0.2","±0.1","±0.1","±0.1"
"    Owner-occupied housing units","","","","","","","","","","","","","","","","","","","","","","","","","","","","","","","",""
"        Estimate","1,669,953","","","86.5%","10.7%","0.2%","1.1%","0.0%","0.5%","1.0%","1.8%","85.2%","","10.7%","16.8%","21.7%","22.4%","16.5%","9.2%","2.8%","","11.8%","30.0%","28.4%","29.8%","","10.7%","42.9%","22.5%","10.5%","7.4%","5.9%"
"        Margin of Error","±9,792","","","±0.1","±0.1","±0.1","±0.1","±0.1","±0.1","±0.1","±0.1","±0.1","","±0.1","±0.1","±0.2","±0.1","±0.1","±0.1","±0.1","","±0.1","±0.2","±0.2","±0.2","","±0.2","±0.2","±0.2","±0.1","±0.1","±0.1"
"    Renter-occupied housing units","","","","","","","","","","","","","","","","","","","","","","","","","","","","","","","",""
"        Estimate","817,396","","","68.4%","25.9%","0.3%","1.5%","0.1%","2.1%","1.8%","5.9%","64.8%","","37.7%","20.1%","17.0%","12.8%","6.7%","3.6%","2.0%","","18.0%","31.9%","31.8%","18.3%","","53.7%","38.1%","5.0%","1.6%","0.8%","0.8%"
"        Margin of Error","±5,718","","","±0.3","±0.3","±0.1","±0.1","±0.1","±0.1","±0.1","±0.1","±0.3","","±0.4","±0.3","±0.3","±0.3","±0.2","±0.1","±0.1","","±0.3","±0.4","±0.4","±0.4","","±0.4","±0.4","±0.2","±0.1","±0.1","±0.1"
"Texas","","","","","","","","","","","","","","","","","","","","","","","","","","","","","","","",""
"    Occupied housing units","","","","","","","","","","","","","","","","","","","","","","","","","","","","","","","",""
"        Estimate","9,013,582","","","76.7%","12.3%","0.5%","3.7%","0.1%","5.1%","1.7%","30.0%","52.7%","","22.9%","20.1%","20.7%","17.4%","10.9%","5.9%","2.1%","","15.9%","22.6%","31.6%","29.9%","","29.4%","43.0%","14.4%","6.4%","4.1%","2.8%"
"        Margin of Error","±16,898","","","±0.1","±0.1","±0.1","±0.1","±0.1","±0.1","±0.1","±0.1","±0.1","","±0.1","±0.1","±0.1","±0.1","±0.1","±0.1","±0.1","","±0.1","±0.1","±0.1","±0.1","","±0.2","±0.1","±0.1","±0.1","±0.1","±0.1"
"    Owner-occupied housing units","","","","","","","","","","","","","","","","","","","","","","","","","","","","","","","",""
"        Estimate","5,652,542","","","81.8%","8.4%","0.5%","3.6%","0.0%","4.2%","1.4%","27.3%","59.5%","","11.8%","19.0%","23.3%","21.6%","14.1%","7.7%","2.5%","","14.1%","21.4%","30.2%","34.3%","","12.6%","46.7%","20.7%","9.5%","6.3%","4.2%"
"        Margin of Error","±27,547","","","±0.1","±0.1","±0.1","±0.1","±0.1","±0.1","±0.1","±0.1","±0.1","","±0.1","±0.1","±0.1","±0.1","±0.1","±0.1","±0.1","","±0.1","±0.1","±0.1","±0.2","","±0.1","±0.1","±0.1","±0.1","±0.1","±0.1"
"    Renter-occupied housing units","","","","","","","","","","","","","","","","","","","","","","","","","","","","","","","",""
"        Estimate","3,361,040","","","68.0%","18.7%","0.5%","3.9%","0.1%","6.6%","2.1%","34.6%","41.2%","","41.5%","21.8%","16.3%","10.5%","5.3%","3.0%","1.6%","","19.1%","24.7%","33.8%","22.4%","","57.7%","36.6%","3.7%","1.2%","0.5%","0.4%"
"        Margin of Error","±15,065","","","±0.2","±0.1","±0.1","±0.1","±0.1","±0.1","±0.1","±0.2","±0.2","","±0.2","±0.2","±0.2","±0.1","±0.1","±0.1","±0.1","","±0.2","±0.2","±0.2","±0.2","","±0.2","±0.2","±0.1","±0.1","±0.1","±0.1"
"Utah","","","","","","","","","","","","","","","","","","","","","","","","","","","","","","","",""
"    Occupied housing units","","","","","","","","","","","","","","","","","","","","","","","","","","","","","","","",""
"        Estimate","896,194","","","90.8%","0.9%","1.0%","2.0%","0.6%","3.3%","1.3%","10.2%","84.4%","","26.9%","20.3%","18.0%","16.3%","10.2%","5.9%","2.4%","","7.6%","20.5%","38.9%","33.0%","","27.5%","44.0%","14.7%","5.9%","4.6%","3.3%"
"        Margin of Error","±2,411","","","±0.2","±0.1","±0.1","±0.1","±0.1","±0.1","±0.1","±0.1","±0.2","","±0.2","±0.2","±0.1","±0.1","±0.1","±0.1","±0.1","","±0.2","±0.3","±0.3","±0.3","","±0.3","±0.3","±0.2","±0.1","±0.1","±0.1"
"    Owner-occupied housing units","","","","","","","","","","","","","","","","","","","","","","","","","","","","","","","",""
"        Estimate","624,605","","","93.4%","0.4%","0.8%","1.8%","0.3%","2.3%","1.0%","7.5%","88.6%","","17.3%","20.5%","20.3%","19.3%","12.6%","7.3%","2.6%","","5.7%","19.4%","37.2%","37.7%","","13.6%","47.5%","19.7%","8.1%","6.5%","4.6%"
"        Margin of Error","±3,803","","","±0.2","±0.1","±0.1","±0.1","±0.1","±0.1","±0.1","±0.2","±0.3","","±0.2","±0.3","±0.2","±0.2","±0.2","±0.1","±0.1","","±0.2","±0.3","±0.4","±0.4","","±0.2","±0.3","±0.3","±0.2","±0.1","±0.1"
"    Renter-occupied housing units","","","","","","","","","","","","","","","","","","","","","","","","","","","","","","","",""
"        Estimate","271,589","","","84.9%","2.0%","1.7%","2.5%","1.2%","5.6%","2.1%","16.5%","74.7%","","49.1%","19.8%","12.7%","9.2%","4.6%","2.7%","2.0%","","12.0%","22.9%","42.9%","22.2%","","59.3%","36.0%","3.3%","0.8%","0.4%","0.3%"
"        Margin of Error","±2,614","","","±0.5","±0.2","±0.2","±0.2","±0.1","±0.3","±0.2","±0.4","±0.5","","±0.6","±0.5","±0.5","±0.3","±0.3","±0.2","±0.2","","±0.5","±0.6","±0.7","±0.6","","±0.7","±0.6","±0.2","±0.1","±0.1","±0.1"
"Vermont","","","","","","","","","","","","","","","","","","","","","","","","","","","","","","","",""
"    Occupied housing units","","","","","","","","","","","","","","","","","","","","","","","","","","","","","","","",""
"        Estimate","257,252","","","96.7%","0.7%","0.4%","0.9%","0.0%","0.1%","1.2%","1.0%","95.9%","","16.9%","15.6%","21.4%","21.9%","13.4%","7.7%","3.2%","","7.5%","28.3%","27.8%","36.4%","","20.2%","39.0%","18.3%","11.4%","6.4%","4.7%"
"        Margin of Error","±1,155","","","±0.1","±0.1","±0.1","±0.1","±0.1","±0.1","±0.1","±0.1","±0.1","","±0.3","±0.2","±0.3","±0.3","±0.2","±0.2","±0.2","","±0.3","±0.5","±0.4","±0.5","","±0.4","±0.5","±0.4","±0.3","±0.2","±0.2"
"    Owner-occupied housing units","","","","","","","","","","","","","","","","","","","","","","","","","","","","","","","",""
"        Estimate","182,417","","","97.7%","0.2%","0.3%","0.6%","0.0%","0.1%","1.0%","0.7%","97.1%","","8.1%","15.5%","23.6%","25.8%","15.8%","8.3%","2.9%","","5.7%","27.7%","26.2%","40.4%","","8.9%","38.0%","22.9%","15.1%","8.8%","6.3%"
"        Margin of Error","±1,088","","","±0.2","±0.1","±0.1","±0.1","±0.1","±0.1","±0.1","±0.1","±0.2","","±0.3","±0.3","±0.4","±0.3","±0.3","±0.2","±0.2","","±0.3","±0.6","±0.5","±0.6","","±0.4","±0.6","±0.5","±0.4","±0.3","±0.3"
"    Renter-occupied housing units","","","","","","","","","","","","","","","","","","","","","","","","","","","","","","","",""
"        Estimate","74,835","","","94.2%","1.7%","0.5%","1.5%","0.0%","0.3%","1.8%","1.8%","92.9%","","38.4%","15.9%","16.1%","12.3%","7.5%","6.0%","3.7%","","11.9%","29.7%","31.7%","26.7%","","47.6%","41.7%","6.9%","2.4%","0.6%","0.7%"
"        Margin of Error","±1,193","","","±0.4","±0.2","±0.1","±0.2","±0.1","±0.1","±0.3","±0.3","±0.4","","±1.1","±0.8","±0.8","±0.7","±0.5","±0.5","±0.4","","±0.7","±1.1","±1.1","±1.1","","±1.1","±1.1","±0.5","±0.3","±0.1","±0.1"
"Virginia","","","","","","","","","","","","","","","","","","","","","","","","","","","","","","","",""
"    Occupied housing units","","","","","","","","","","","","","","","","","","","","","","","","","","","","","","","",""
"        Estimate","3,041,710","","","73.2%","18.6%","0.3%","4.7%","0.1%","1.5%","1.8%","5.7%","69.4%","","19.7%","18.6%","21.4%","18.8%","12.3%","6.6%","2.7%","","10.7%","22.3%","28.7%","38.4%","","24.9%","41.6%","16.2%","8.2%","5.1%","4.0%"
"        Margin of Error","±9,225","","","±0.1","±0.1","±0.1","±0.1","±0.1","±0.1","±0.1","±0.1","±0.1","","±0.1","±0.1","±0.1","±0.1","±0.1","±0.1","±0.1","","±0.1","±0.2","±0.2","±0.2","","±0.2","±0.2","±0.1","±0.1","±0.1","±0.1"
"    Owner-occupied housing units","","","","","","","","","","","","","","","","","","","","","","","","","","","","","","","",""
"        Estimate","2,028,244","","","79.3%","13.6%","0.2%","4.6%","0.0%","0.9%","1.4%","3.9%","76.6%","","10.1%","17.4%","23.7%","22.5%","15.5%","8.0%","2.9%","","9.0%","21.4%","27.1%","42.5%","","10.8%","43.1%","21.7%","11.5%","7.2%","5.7%"
"        Margin of Error","±12,264","","","±0.1","±0.1","±0.1","±0.1","±0.1","±0.1","±0.1","±0.1","±0.2","","±0.1","±0.2","±0.1","±0.1","±0.1","±0.1","±0.1","","±0.1","±0.2","±0.2","±0.2","","±0.1","±0.2","±0.2","±0.1","±0.1","±0.1"
"    Renter-occupied housing units","","","","","","","","","","","","","","","","","","","","","","","","","","","","","","","",""
"        Estimate","1,013,466","","","61.0%","28.6%","0.3%","4.9%","0.1%","2.6%","2.5%","9.4%","55.1%","","39.0%","21.0%","16.8%","11.5%","5.9%","3.6%","2.4%","","13.9%","24.1%","31.9%","30.1%","","53.3%","38.6%","5.1%","1.7%","0.7%","0.6%"
"        Margin of Error","±5,608","","","±0.3","±0.2","±0.1","±0.1","±0.1","±0.1","±0.1","±0.2","±0.3","","±0.3","±0.3","±0.2","±0.2","±0.2","±0.1","±0.1","","±0.3","±0.3","±0.4","±0.3","","±0.3","±0.4","±0.1","±0.1","±0.1","±0.1"
"Washington","","","","","","","","","","","","","","","","","","","","","","","","","","","","","","","",""
"    Occupied housing units","","","","","","","","","","","","","","","","","","","","","","","","","","","","","","","",""
"        Estimate","2,645,396","","","83.0%","3.5%","1.2%","6.4%","0.4%","2.5%","3.0%","7.7%","78.4%","","21.1%","18.2%","20.2%","19.2%","12.1%","6.3%","3.0%","","8.2%","20.7%","36.6%","34.5%","","27.7%","43.1%","15.8%","6.9%","4.0%","2.5%"
"        Margin of Error","±5,534","","","±0.1","±0.1","±0.1","±0.1","±0.1","±0.1","±0.1","±0.1","±0.1","","±0.1","±0.1","±0.1","±0.1","±0.1","±0.1","±0.1","","±0.1","±0.2","±0.2","±0.2","","±0.2","±0.2","±0.1","±0.1","±0.1","±0.1"
"    Owner-occupied housing units","","","","","","","","","","","","","","","","","","","","","","","","","","","","","","","",""
"        Estimate","1,658,540","","","87.1%","1.8%","0.9%","6.2%","0.2%","1.6%","2.2%","5.1%","84.0%","","10.1%","17.2%","22.8%","23.6%","15.5%","7.9%","2.9%","","5.8%","19.2%","35.3%","39.7%","","11.9%","45.6%","22.4%","10.2%","6.1%","3.8%"
"        Margin of Error","±8,615","","","±0.1","±0.1","±0.1","±0.1","±0.1","±0.1","±0.1","±0.1","±0.2","","±0.2","±0.1","±0.1","±0.1","±0.1","±0.1","±0.1","","±0.1","±0.2","±0.2","±0.2","","±0.1","±0.2","±0.2","±0.1","±0.1","±0.1"
"    Renter-occupied housing units","","","","","","","","","","","","","","","","","","","","","","","","","","","","","","","",""
"        Estimate","986,856","","","76.0%","6.3%","1.7%","6.9%","0.7%","4.1%","4.3%","12.1%","69.0%","","39.5%","19.9%","15.7%","11.7%","6.3%","3.8%","3.1%","","12.1%","23.3%","38.7%","25.8%","","54.3%","39.1%","4.6%","1.3%","0.4%","0.3%"
"        Margin of Error","±6,195","","","±0.2","±0.2","±0.1","±0.2","±0.1","±0.1","±0.2","±0.2","±0.2","","±0.3","±0.3","±0.2","±0.2","±0.2","±0.1","±0.1","","±0.2","±0.3","±0.4","±0.3","","±0.3","±0.3","±0.1","±0.1","±0.1","±0.1"
"West Virginia","","","","","","","","","","","","","","","","","","","","","","","","","","","","","","","",""
"    Occupied housing units","","","","","","","","","","","","","","","","","","","","","","","","","","","","","","","",""
"        Estimate","742,359","","","95.0%","2.9%","0.2%","0.6%","0.0%","0.1%","1.2%","0.9%","94.3%","","16.6%","15.8%","19.3%","21.2%","15.0%","8.9%","3.3%","","15.0%","38.5%","26.4%","20.1%","","19.2%","36.8%","18.2%","10.4%","8.3%","7.2%"
"        Margin of Error","±2,723","","","±0.1","±0.1","±0.1","±0.1","±0.1","±0.1","±0.1","±0.1","±0.1","","±0.2","±0.2","±0.2","±0.2","±0.1","±0.1","±0.1","","±0.3","±0.4","±0.3","±0.3","","±0.3","±0.3","±0.3","±0.2","±0.2","±0.2"
"    Owner-occupied housing units","","","","","","","","","","","","","","","","","","","","","","","","","","","","","","","",""
"        Estimate","541,607","","","96.7%","1.7%","0.2%","0.4%","0.0%","0.1%","0.9%","0.7%","96.1%","","9.6%","14.9%","20.1%","23.7%","17.6%","10.5%","3.7%","","13.7%","39.3%","25.1%","21.8%","","9.0%","35.3%","22.2%","13.3%","10.9%","9.3%"
"        Margin of Error","±3,641","","","±0.1","±0.1","±0.1","±0.1","±0.1","±0.1","±0.1","±0.1","±0.1","","±0.2","±0.2","±0.2","±0.2","±0.2","±0.2","±0.1","","±0.3","±0.5","±0.3","±0.3","","±0.3","±0.4","±0.4","±0.3","±0.2","±0.2"
"    Renter-occupied housing units","","","","","","","","","","","","","","","","","","","","","","","","","","","","","","","",""
"        Estimate","200,752","","","90.1%","6.1%","0.2%","1.2%","0.1%","0.3%","2.1%","1.4%","89.2%","","35.5%","18.1%","17.4%","14.5%","8.0%","4.4%","2.1%","","18.5%","36.1%","30.0%","15.4%","","46.5%","40.8%","7.2%","2.8%","1.2%","1.4%"
"        Margin of Error","±2,956","","","±0.4","±0.3","±0.1","±0.2","±0.1","±0.1","±0.2","±0.2","±0.4","","±0.7","±0.6","±0.6","±0.5","±0.4","±0.3","±0.2","","±0.6","±0.6","±0.7","±0.5","","±0.7","±0.7","±0.4","±0.3","±0.2","±0.2"
"Wisconsin","","","","","","","","","","","","","","","","","","","","","","","","","","","","","","","",""
"    Occupied housing units","","","","","","","","","","","","","","","","","","","","","","","","","","","","","","","",""
"        Estimate","2,293,250","","","90.0%","5.4%","0.8%","1.7%","0.0%","1.1%","1.1%","3.9%","87.4%","","20.3%","16.7%","21.0%","19.1%","11.8%","7.6%","3.5%","","8.3%","30.3%","32.9%","28.5%","","22.8%","40.5%","17.8%","8.2%","5.9%","4.8%"
"        Margin of Error","±5,079","","","±0.1","±0.1","±0.1","±0.1","±0.1","±0.1","±0.1","±0.1","±0.1","","±0.1","±0.1","±0.1","±0.1","±0.1","±0.1","±0.1","","±0.1","±0.2","±0.2","±0.2","","±0.2","±0.2","±0.1","±0.1","±0.1","±0.1"
"    Owner-occupied housing units","","","","","","","","","","","","","","","","","","","","","","","","","","","","","","","",""
"        Estimate","1,551,769","","","94.8%","2.3%","0.6%","1.2%","0.0%","0.5%","0.7%","2.4%","93.1%","","11.3%","16.7%","23.5%","22.6%","14.3%","8.6%","3.1%","","6.3%","29.8%","31.6%","32.2%","","9.5%","40.7%","23.4%","11.3%","8.4%","6.7%"
"        Margin of Error","±7,017","","","±0.1","±0.1","±0.1","±0.1","±0.1","±0.1","±0.1","±0.1","±0.1","","±0.1","±0.1","±0.1","±0.1","±0.1","±0.1","±0.1","","±0.1","±0.2","±0.2","±0.2","","±0.1","±0.2","±0.2","±0.1","±0.1","±0.1"
"    Renter-occupied housing units","","","","","","","","","","","","","","","","","","","","","","","","","","","","","","","",""
"        Estimate","741,481","","","80.0%","11.9%","1.2%","2.8%","0.0%","2.2%","1.8%","7.2%","75.4%","","39.2%","16.7%","15.7%","11.8%","6.6%","5.5%","4.6%","","12.6%","31.1%","35.6%","20.6%","","50.8%","39.9%","6.0%","1.7%","0.7%","0.8%"
"        Margin of Error","±4,349","","","±0.3","±0.2","±0.1","±0.1","±0.1","±0.1","±0.1","±0.2","±0.3","","±0.3","±0.3","±0.3","±0.2","±0.2","±0.1","±0.2","","±0.2","±0.4","±0.4","±0.3","","±0.4","±0.4","±0.2","±0.1","±0.1","±0.1"
"Wyoming","","","","","","","","","","","","","","","","","","","","","","","","","","","","","","","",""
"    Occupied housing units","","","","","","","","","","","","","","","","","","","","","","","","","","","","","","","",""
"        Estimate","225,514","","","93.5%","0.9%","1.5%","0.7%","0.0%","1.7%","1.7%","6.9%","89.0%","","23.5%","15.9%","19.0%","20.5%","12.1%","6.4%","2.5%","","6.8%","27.3%","39.9%","26.0%","","27.0%","41.3%","15.4%","8.1%","5.1%","3.1%"
"        Margin of Error","±1,392","","","±0.3","±0.1","±0.1","±0.1","±0.1","±0.2","±0.2","±0.2","±0.3","","±0.4","±0.3","±0.3","±0.3","±0.3","±0.2","±0.2","","±0.4","±0.6","±0.7","±0.6","","±0.7","±0.7","±0.5","±0.3","±0.3","±0.2"
"    Owner-occupied housing units","","","","","","","","","","","","","","","","","","","","","","","","","","","","","","","",""
"        Estimate","156,289","","","95.2%","0.5%","1.1%","0.5%","0.0%","1.4%","1.2%","5.6%","91.5%","","14.0%","15.2%","20.9%","24.7%","14.9%","7.8%","2.6%","","6.0%","26.3%","39.1%","28.6%","","13.5%","43.8%","20.3%","11.0%","7.1%","4.3%"
"        Margin of Error","±1,616","","","±0.3","±0.1","±0.1","±0.1","±0.1","±0.2","±0.2","±0.3","±0.4","","±0.5","±0.4","±0.5","±0.4","±0.4","±0.3","±0.2","","±0.4","±0.7","±0.7","±0.8","","±0.5","±0.8","±0.6","±0.5","±0.3","±0.3"
"    Renter-occupied housing units","","","","","","","","","","","","","","","","","","","","","","","","","","","","","","","",""
"        Estimate","69,225","","","89.5%","1.7%","2.5%","1.1%","0.1%","2.4%","2.6%","9.6%","83.4%","","45.2%","17.7%","14.9%","10.9%","5.7%","3.4%","2.3%","","8.6%","29.5%","41.6%","20.3%","","57.3%","35.8%","4.4%","1.6%","0.5%","0.4%"
"        Margin of Error","±1,617","","","±0.8","±0.3","±0.4","±0.3","±0.1","±0.4","±0.4","±0.7","±0.9","","±1.3","±0.9","±0.9","±0.7","±0.6","±0.4","±0.3","","±0.7","±1.3","±1.4","±1.0","","±1.4","±1.3","±0.5","±0.3","±0.2","±0.1"
"Puerto Rico","","","","","","","","","","","","","","","","","","","","","","","","","","","","","","","",""
"    Occupied housing units","","","","","","","","","","","","","","","","","","","","","","","","","","","","","","","",""
"        Estimate","1,241,454","","","69.4%","8.7%","0.3%","0.3%","0.0%","10.7%","10.5%","99.0%","0.7%","","14.5%","17.1%","19.5%","19.8%","16.8%","9.2%","3.0%","","28.1%","25.8%","21.9%","24.2%","","14.2%","33.3%","18.3%","13.3%","11.8%","9.1%"
"        Margin of Error","±2,991","","","±0.3","±0.1","±0.1","±0.1","±0.1","±0.2","±0.2","±0.1","±0.1","","±0.2","±0.2","±0.2","±0.1","±0.1","±0.1","±0.1","","±0.2","±0.3","±0.3","±0.2","","±0.2","±0.3","±0.2","±0.2","±0.2","±0.2"
"    Owner-occupied housing units","","","","","","","","","","","","","","","","","","","","","","","","","","","","","","","",""
"        Estimate","862,198","","","71.8%","8.3%","0.2%","0.2%","0.0%","10.0%","9.5%","99.1%","0.7%","","7.4%","15.5%","20.2%","22.3%","19.8%","11.2%","3.7%","","27.9%","24.1%","20.0%","28.0%","","5.4%","30.0%","21.8%","16.6%","15.1%","11.1%"
"        Margin of Error","±3,626","","","±0.3","±0.2","±0.1","±0.1","±0.1","±0.2","±0.2","±0.1","±0.1","","±0.2","±0.2","±0.2","±0.2","±0.2","±0.1","±0.1","","±0.3","±0.3","±0.3","±0.3","","±0.2","±0.3","±0.3","±0.3","±0.2","±0.2"
"    Renter-occupied housing units","","","","","","","","","","","","","","","","","","","","","","","","","","","","","","","",""
"        Estimate","379,256","","","64.1%","9.8%","0.4%","0.6%","0.0%","12.4%","12.8%","98.6%","0.8%","","30.6%","20.7%","17.9%","14.2%","10.1%","4.8%","1.6%","","28.6%","29.8%","26.1%","15.5%","","34.0%","40.8%","10.5%","5.9%","4.3%","4.6%"
"        Margin of Error","±3,375","","","±0.5","±0.3","±0.1","±0.1","±0.1","±0.4","±0.3","±0.1","±0.1","","±0.5","±0.5","±0.3","±0.3","±0.3","±0.2","±0.1","","±0.5","±0.5","±0.5","±0.4","","±0.5","±0.6","±0.3","±0.3","±0.2","±0.2"