"Label (Grouping)","Population 16 years and over","AGE","AGE!!16 to 19 years","AGE!!20 to 24 years","AGE!!25 to 44 years","AGE!!45 to 54 years","AGE!!55 to 64 years","AGE!!65 to 74 years","AGE!!75 years and over","RACE AND HISPANIC OR LATINO ORIGIN","RACE AND HISPANIC OR LATINO ORIGIN!!One race","RACE AND HISPANIC OR LATINO ORIGIN!!One race!!White","RACE AND HISPANIC OR LATINO ORIGIN!!One race!!Black or African American","RACE AND HISPANIC OR LATINO ORIGIN!!One race!!American Indian and Alaska Native","RACE AND HISPANIC OR LATINO ORIGIN!!One race!!Asian","RACE AND HISPANIC OR LATINO ORIGIN!!One race!!Native Hawaiian and Other Pacific Islander","RACE AND HISPANIC OR LATINO ORIGIN!!One race!!Some other race","RACE AND HISPANIC OR LATINO ORIGIN!!Two or more races","Hispanic or Latino origin (of any race)","White alone, not Hispanic or Latino","Population 20 to 64 years","Population 20 to 64 years!!SEX","Population 20 to 64 years!!SEX!!Male","Population 20 to 64 years!!SEX!!Female","Population 20 to 64 years!!SEX!!Female!!With own children under 6 years","POVERTY STATUS IN THE PAST 12 MONTHS","POVERTY STATUS IN THE PAST 12 MONTHS!!Below poverty level","DISABILITY STATUS","DISABILITY STATUS!!With any disability","EDUCATIONAL ATTAINMENT","EDUCATIONAL ATTAINMENT!!Population 25 to 64 years","EDUCATIONAL ATTAINMENT!!Population 25 to 64 years!!Less than high school graduate","EDUCATIONAL ATTAINMENT!!Population 25 to 64 years!!High school graduate (includes equivalency)","EDUCATIONAL ATTAINMENT!!Population 25 to 64 years!!Some college or associate's degree","EDUCATIONAL ATTAINMENT!!Population 25 to 64 years!!Bachelor's degree or higher","PERCENT IMPUTED","PERCENT IMPUTED!!Employment status for population 16 years and over"
"Alabama","","","","","","","","","","","","","","","","","","","","","","","","","","","","","","","","","","","","",""
"    Total","","","","","","","","","","","","","","","","","","","","","","","","","","","","","","","","","","","","",""
"        Estimate","3,828,799","","263,787","347,110","1,229,274","675,347","614,020","401,417","297,844","","3,785,959","2,704,513","975,338","20,436","46,115","1,218","38,339","42,840","125,854","2,624,595","2,865,751","","1,396,975","1,468,776","225,926","","482,833","","415,310","","2,518,641","352,625","755,222","797,496","613,298","","7.0%"
"        Margin of Error","±1,578","","±1,707","±1,468","±1,488","±959","±558","±627","±495","","±2,355","±2,418","±1,756","±918","±782","±236","±2,030","±1,548","±685","±1,137","±1,201","","±974","±849","±2,931","","±5,650","","±4,187","","±1,272","±4,494","±6,542","±6,474","±5,498","","(X)"
"    In labor force","","","","","","","","","","","","","","","","","","","","","","","","","","","","","","","","","","","","",""
"        Estimate","58.8%","","33.3%","72.0%","79.0%","73.9%","55.8%","21.3%","5.4%","","58.9%","58.8%","58.1%","58.4%","65.8%","64.9%","72.5%","56.2%","70.1%","58.5%","72.0%","","77.4%","66.8%","68.2%","","49.5%","","33.7%","","72.0%","51.1%","68.5%","75.4%","83.9%","","(X)"
"        Margin of Error","±0.2","","±0.8","±0.6","±0.3","±0.4","±0.4","±0.4","±0.2","","±0.2","±0.2","±0.3","±2.2","±1.5","±9.8","±1.9","±1.6","±0.8","±0.2","±0.2","","±0.3","±0.3","±0.6","","±0.6","","±0.5","","±0.2","±0.6","±0.4","±0.4","±0.3","","(X)"
"    Employed","","","","","","","","","","","","","","","","","","","","","","","","","","","","","","","","","","","","",""
"        Estimate","52.5%","","22.7%","58.1%","70.6%","68.4%","52.6%","20.2%","5.2%","","52.6%","53.7%","48.7%","49.2%","61.7%","60.9%","66.2%","46.4%","62.7%","53.4%","64.7%","","69.4%","60.2%","58.6%","","33.1%","","27.3%","","65.6%","42.2%","61.5%","68.9%","79.9%","","(X)"
"        Margin of Error","±0.2","","±0.5","±0.7","±0.3","±0.4","±0.4","±0.4","±0.2","","±0.2","±0.2","±0.4","±2.4","±1.5","±10.1","±2.0","±1.7","±0.9","±0.2","±0.2","","±0.3","±0.3","±0.7","","±0.6","","±0.4","","±0.2","±0.6","±0.4","±0.4","±0.3","","(X)"
"    Unemployment rate","","","","","","","","","","","","","","","","","","","","","","","","","","","","","","","","","","","","",""
"        Estimate","10.2%","","31.4%","18.7%","9.8%","7.2%","5.6%","5.3%","4.5%","","10.1%","8.1%","16.0%","15.6%","5.7%","2.1%","8.1%","16.4%","9.1%","8.1%","9.6%","","9.4%","9.8%","13.8%","","33.0%","","18.8%","","8.3%","17.4%","10.1%","7.9%","3.8%","","(X)"
"        Margin of Error","±0.2","","±1.1","±0.7","±0.3","±0.3","±0.3","±0.4","±0.8","","±0.2","±0.2","±0.4","±2.8","±1.0","±2.5","±1.4","±1.9","±0.8","±0.2","±0.2","","±0.2","±0.2","±0.7","","±0.8","","±0.7","","±0.2","±0.6","±0.3","±0.3","±0.2","","(X)"
"Alaska","","","","","","","","","","","","","","","","","","","","","","","","","","","","","","","","","","","","",""
"    Total","","","","","","","","","","","","","","","","","","","","","","","","","","","","","","","","","","","","",""
"        Estimate","560,680","","40,395","59,966","203,375","103,682","91,021","40,949","21,292","","528,115","390,854","19,444","73,549","32,282","5,591","6,395","32,565","30,721","372,490","458,044","","242,059","215,985","38,344","","40,339","","45,301","","398,078","27,295","110,084","150,326","110,373","","5.2%"
"        Margin of Error","±516","","±668","±486","±540","±432","±283","±258","±203","","±1,324","±928","±485","±930","±637","±207","±696","±1,246","±179","±473","±414","","±451","±348","±1,136","","±1,347","","±1,486","","±410","±1,098","±1,980","±2,349","±1,767","","(X)"
"    In labor force","","","","","","","","","","","","","","","","","","","","","","","","","","","","","","","","","","","","",""
"        Estimate","70.8%","","42.9%","81.1%","83.1%","82.3%","67.8%","31.8%","8.1%","","70.7%","72.3%","77.3%","58.6%","74.2%","71.4%","77.6%","72.0%","75.3%","72.1%","79.6%","","84.3%","74.5%","64.6%","","54.5%","","51.0%","","79.4%","61.2%","74.6%","80.3%","87.6%","","(X)"
"        Margin of Error","±0.4","","±1.5","±1.2","±0.6","±0.7","±0.8","±1.6","±1.1","","±0.4","±0.5","±2.3","±1.1","±1.5","±3.5","±3.2","±1.7","±1.5","±0.5","±0.4","","±0.5","±0.6","±1.4","","±1.6","","±1.6","","±0.4","±1.7","±0.8","±0.6","±0.7","","(X)"
"    Employed","","","","","","","","","","","","","","","","","","","","","","","","","","","","","","","","","","","","",""
"        Estimate","62.1%","","31.6%","61.4%","72.4%","76.3%","63.6%","30.3%","7.9%","","62.1%","64.6%","60.2%","46.0%","69.6%","59.9%","64.4%","61.9%","62.8%","64.6%","70.1%","","71.4%","68.6%","57.8%","","35.5%","","42.3%","","71.4%","52.0%","64.8%","71.6%","82.7%","","(X)"
"        Margin of Error","±0.4","","±1.7","±1.4","±0.7","±0.8","±0.9","±1.5","±1.1","","±0.4","±0.5","±2.8","±1.1","±1.7","±4.0","±3.8","±2.0","±2.0","±0.5","±0.5","","±0.6","±0.6","±1.4","","±1.6","","±1.6","","±0.5","±1.8","±0.8","±0.8","±0.8","","(X)"
"    Unemployment rate","","","","","","","","","","","","","","","","","","","","","","","","","","","","","","","","","","","","",""
"        Estimate","8.4%","","22.3%","13.9%","7.7%","6.7%","6.1%","4.7%","3.3%","","8.2%","6.3%","12.2%","21.1%","4.2%","13.1%","7.2%","12.0%","6.9%","6.3%","8.0%","","8.9%","6.8%","9.4%","","34.5%","","15.0%","","7.1%","14.7%","11.7%","6.4%","2.7%","","(X)"
"        Margin of Error","±0.3","","±2.4","±1.1","±0.4","±0.6","±0.6","±1.1","±2.1","","±0.3","±0.3","±2.3","±1.3","±1.0","±4.9","±3.4","±1.4","±1.4","±0.3","±0.3","","±0.4","±0.4","±1.1","","±2.1","","±1.5","","±0.3","±1.7","±0.7","±0.6","±0.3","","(X)"
"Arizona","","","","","","","","","","","","","","","","","","","","","","","","","","","","","","","","","","","","",""
"    Total","","","","","","","","","","","","","","","","","","","","","","","","","","","","","","","","","","","","",""
"        Estimate","5,121,781","","365,547","471,458","1,704,426","840,781","765,082","559,095","415,392","","5,011,260","4,133,718","205,682","209,119","154,482","8,955","299,304","110,521","1,349,855","3,148,710","3,781,747","","1,890,629","1,891,118","310,799","","626,792","","374,202","","3,310,289","456,175","778,419","1,170,376","905,319","","8.3%"
"        Margin of Error","±1,846","","±2,076","±1,041","±832","±502","±295","±386","±332","","±4,297","±6,808","±1,735","±1,990","±1,417","±369","±5,584","±3,549","±1,126","±1,330","±1,009","","±565","±902","±4,034","","±8,698","","±4,264","","±817","±4,984","±6,178","±8,142","±8,155","","(X)"
"    In labor force","","","","","","","","","","","","","","","","","","","","","","","","","","","","","","","","","","","","",""
"        Estimate","60.1%","","37.1%","73.0%","79.0%","78.0%","60.1%","20.5%","5.1%","","60.0%","59.4%","63.3%","54.1%","65.0%","60.0%","67.0%","63.5%","64.1%","58.3%","74.2%","","79.6%","68.7%","62.6%","","51.0%","","41.1%","","74.3%","59.6%","69.9%","76.3%","83.1%","","(X)"
"        Margin of Error","±0.1","","±0.6","±0.6","±0.2","±0.3","±0.4","±0.3","±0.3","","±0.1","±0.2","±0.7","±0.6","±0.8","±3.0","±0.6","±1.1","±0.3","±0.2","±0.2","","±0.2","±0.2","±0.7","","±0.5","","±0.5","","±0.2","±0.5","±0.4","±0.3","±0.3","","(X)"
"    Employed","","","","","","","","","","","","","","","","","","","","","","","","","","","","","","","","","","","","",""
"        Estimate","53.8%","","26.3%","60.5%","71.6%","71.7%","55.5%","18.9%","4.7%","","53.8%","53.8%","53.5%","42.2%","60.6%","50.7%","57.9%","53.9%","56.3%","53.2%","67.0%","","71.4%","62.6%","55.8%","","35.5%","","33.1%","","67.9%","50.8%","62.1%","69.7%","79.3%","","(X)"
"        Margin of Error","±0.1","","±0.6","±0.5","±0.2","±0.4","±0.4","±0.3","±0.2","","±0.1","±0.2","±0.7","±0.6","±0.8","±3.5","±0.7","±1.2","±0.3","±0.2","±0.2","","±0.2","±0.3","±0.7","","±0.4","","±0.6","","±0.2","±0.6","±0.5","±0.3","±0.3","","(X)"
"    Unemployment rate","","","","","","","","","","","","","","","","","","","","","","","","","","","","","","","","","","","","",""
"        Estimate","9.9%","","28.5%","15.6%","8.7%","7.9%","7.7%","7.6%","6.6%","","9.8%","8.9%","14.6%","21.9%","6.3%","14.3%","13.3%","14.3%","11.8%","8.2%","9.2%","","9.5%","8.8%","10.7%","","30.3%","","19.1%","","8.3%","14.9%","11.0%","8.1%","4.2%","","(X)"
"        Margin of Error","±0.1","","±1.1","±0.5","±0.2","±0.3","±0.3","±0.4","±1.1","","±0.2","±0.2","±0.9","±0.8","±0.5","±3.6","±0.6","±1.1","±0.3","±0.2","±0.1","","±0.2","±0.2","±0.6","","±0.7","","±0.9","","±0.1","±0.6","±0.4","±0.2","±0.2","","(X)"
"Arkansas","","","","","","","","","","","","","","","","","","","","","","","","","","","","","","","","","","","","",""
"    Total","","","","","","","","","","","","","","","","","","","","","","","","","","","","","","","","","","","","",""
"        Estimate","2,315,782","","159,995","205,824","749,130","395,446","363,212","251,769","190,406","","2,280,871","1,852,561","339,996","14,585","30,146","3,763","39,820","34,911","125,760","1,771,732","1,713,612","","847,492","866,120","142,086","","293,401","","255,291","","1,507,788","200,172","516,823","460,803","329,990","","5.7%"
"        Margin of Error","±1,210","","±1,375","±999","±1,165","±905","±581","±506","±530","","±1,763","±2,251","±1,240","±895","±637","±355","±1,798","±1,227","±456","±955","±1,066","","±845","±765","±2,093","","±5,013","","±3,548","","±1,060","±3,560","±4,766","±4,382","±4,548","","(X)"
"    In labor force","","","","","","","","","","","","","","","","","","","","","","","","","","","","","","","","","","","","",""
"        Estimate","59.2%","","36.4%","72.8%","79.2%","74.7%","57.3%","22.2%","5.9%","","59.3%","58.9%","59.0%","58.4%","65.5%","72.5%","72.6%","56.4%","69.4%","58.5%","72.7%","","77.9%","67.7%","67.6%","","50.5%","","36.0%","","72.7%","55.6%","69.2%","75.6%","84.7%","","(X)"
"        Margin of Error","±0.2","","±1.0","±0.9","±0.4","±0.4","±0.6","±0.5","±0.3","","±0.2","±0.2","±0.6","±2.9","±2.1","±5.6","±1.6","±1.8","±0.8","±0.2","±0.3","","±0.3","±0.4","±0.9","","±0.7","","±0.7","","±0.2","±0.8","±0.5","±0.4","±0.5","","(X)"
"    Employed","","","","","","","","","","","","","","","","","","","","","","","","","","","","","","","","","","","","",""
"        Estimate","54.1%","","26.5%","61.2%","72.3%","70.2%","54.9%","21.3%","5.7%","","54.1%","54.5%","49.6%","52.2%","61.5%","60.3%","67.2%","49.5%","64.1%","54.1%","66.8%","","71.1%","62.6%","60.3%","","36.5%","","30.5%","","67.6%","48.9%","63.4%","70.1%","82.0%","","(X)"
"        Margin of Error","±0.2","","±0.9","±1.0","±0.4","±0.4","±0.5","±0.5","±0.3","","±0.2","±0.2","±0.6","±2.9","±2.0","±6.5","±1.7","±1.9","±0.9","±0.2","±0.2","","±0.3","±0.4","±0.9","","±0.6","","±0.6","","±0.2","±0.8","±0.5","±0.4","±0.6","","(X)"
"    Unemployment rate","","","","","","","","","","","","","","","","","","","","","","","","","","","","","","","","","","","","",""
"        Estimate","8.4%","","27.2%","15.2%","8.2%","5.8%","4.2%","4.3%","3.7%","","8.4%","7.1%","15.6%","10.1%","5.9%","16.8%","7.2%","11.6%","7.1%","7.1%","7.8%","","8.1%","7.4%","10.8%","","27.7%","","15.3%","","6.8%","12.0%","8.3%","6.8%","2.8%","","(X)"
"        Margin of Error","±0.1","","±1.4","±0.8","±0.3","±0.3","±0.3","±0.6","±1.2","","±0.1","±0.2","±0.7","±2.0","±1.3","±6.8","±1.3","±1.6","±0.7","±0.2","±0.1","","±0.2","±0.2","±0.7","","±0.9","","±0.8","","±0.2","±0.7","±0.3","±0.3","±0.2","","(X)"
"California","","","","","","","","","","","","","","","","","","","","","","","","","","","","","","","","","","","","",""
"    Total","","","","","","","","","","","","","","","","","","","","","","","","","","","","","","","","","","","","",""
"        Estimate","29,934,838","","2,181,759","2,887,213","10,688,884","5,248,476","4,310,599","2,553,063","2,064,844","","28,908,712","18,970,270","1,795,935","225,113","4,248,082","116,982","3,552,330","1,026,126","10,314,181","12,752,483","23,135,172","","11,607,649","11,527,523","1,857,897","","3,354,518","","1,866,434","","20,247,959","3,582,292","4,103,854","6,150,809","6,411,004","","6.8%"
"        Margin of Error","±3,523","","±3,513","±1,227","±1,198","±912","±559","±663","±603","","±13,785","±20,140","±4,453","±5,171","±5,721","±1,499","±24,136","±14,253","±2,543","±3,053","±1,072","","±801","±987","±9,990","","±21,094","","±11,101","","±1,133","±16,760","±21,314","±14,973","±28,838","","(X)"
"    In labor force","","","","","","","","","","","","","","","","","","","","","","","","","","","","","","","","","","","","",""
"        Estimate","63.8%","","29.5%","71.1%","81.1%","79.7%","64.3%","26.1%","5.9%","","63.8%","63.3%","59.4%","60.3%","63.7%","66.6%","68.7%","65.2%","66.8%","62.1%","76.4%","","82.7%","70.1%","63.2%","","53.3%","","40.8%","","77.2%","66.1%","73.2%","77.9%","85.1%","","(X)"
"        Margin of Error","±0.1","","±0.2","±0.2","±0.1","±0.1","±0.1","±0.2","±0.1","","±0.1","±0.1","±0.3","±0.7","±0.2","±1.1","±0.2","±0.3","±0.1","±0.1","±0.1","","±0.1","±0.1","±0.3","","±0.2","","±0.3","","±0.1","±0.2","±0.1","±0.1","±0.1","","(X)"
"    Employed","","","","","","","","","","","","","","","","","","","","","","","","","","","","","","","","","","","","",""
"        Estimate","56.4%","","19.0%","57.2%","72.5%","72.7%","58.7%","24.0%","5.4%","","56.5%","56.3%","48.2%","49.6%","58.3%","55.5%","59.8%","55.2%","58.1%","55.8%","68.1%","","73.3%","62.8%","55.2%","","36.9%","","32.7%","","69.6%","57.4%","64.0%","69.7%","80.0%","","(X)"
"        Margin of Error","±0.1","","±0.2","±0.2","±0.1","±0.1","±0.2","±0.2","±0.1","","±0.1","±0.1","±0.3","±0.8","±0.2","±1.2","±0.2","±0.3","±0.1","±0.1","±0.1","","±0.1","±0.1","±0.3","","±0.2","","±0.3","","±0.1","±0.2","±0.2","±0.1","±0.1","","(X)"
"    Unemployment rate","","","","","","","","","","","","","","","","","","","","","","","","","","","","","","","","","","","","",""
"        Estimate","11.0%","","34.7%","17.5%","9.9%","8.7%","8.6%","8.0%","7.3%","","10.9%","10.4%","17.8%","16.9%","8.2%","15.6%","12.8%","14.6%","12.7%","9.3%","10.3%","","10.3%","10.2%","12.4%","","30.7%","","19.5%","","9.3%","13.2%","12.1%","9.9%","5.6%","","(X)"
"        Margin of Error","±0.1","","±0.4","±0.2","±0.1","±0.1","±0.1","±0.2","±0.5","","±0.1","±0.1","±0.3","±0.8","±0.1","±1.2","±0.2","±0.3","±0.1","±0.1","±0.1","","±0.1","±0.1","±0.2","","±0.3","","±0.3","","±0.1","±0.2","±0.1","±0.1","±0.1","","(X)"
"Colorado","","","","","","","","","","","","","","","","","","","","","","","","","","","","","","","","","","","","",""
"    Total","","","","","","","","","","","","","","","","","","","","","","","","","","","","","","","","","","","","",""
"        Estimate","4,094,922","","273,868","367,651","1,475,034","724,166","639,858","359,148","255,197","","3,989,382","3,500,089","160,405","38,023","116,805","5,193","168,867","105,540","743,536","2,977,675","3,206,709","","1,625,977","1,580,732","261,638","","384,172","","277,250","","2,839,058","256,832","589,128","898,797","1,094,301","","6.8%"
"        Margin of Error","±1,353","","±1,683","±1,031","±1,125","±776","±557","±504","±439","","±2,693","±5,138","±1,316","±1,255","±1,381","±389","±4,290","±2,641","±783","±1,261","±1,103","","±796","±898","±3,247","","±5,296","","±4,020","","±954","±3,893","±5,601","±5,832","±7,199","","(X)"
"    In labor force","","","","","","","","","","","","","","","","","","","","","","","","","","","","","","","","","","","","",""
"        Estimate","68.7%","","43.1%","79.0%","84.4%","83.3%","68.0%","28.8%","6.3%","","68.7%","68.7%","66.2%","64.8%","67.9%","78.5%","71.4%","69.1%","68.8%","68.8%","80.3%","","85.5%","74.9%","66.0%","","58.2%","","49.5%","","80.4%","65.8%","75.7%","80.6%","86.2%","","(X)"
"        Margin of Error","±0.2","","±0.7","±0.6","±0.2","±0.3","±0.4","±0.5","±0.3","","±0.2","±0.2","±0.9","±1.7","±1.0","±4.5","±0.9","±1.2","±0.4","±0.2","±0.2","","±0.2","±0.2","±0.7","","±0.7","","±0.6","","±0.2","±0.6","±0.4","±0.3","±0.2","","(X)"
"    Employed","","","","","","","","","","","","","","","","","","","","","","","","","","","","","","","","","","","","",""
"        Estimate","62.5%","","31.1%","66.3%","77.9%","77.9%","63.6%","26.9%","6.0%","","62.6%","63.1%","54.9%","54.3%","63.0%","64.1%","62.6%","59.1%","61.0%","63.5%","73.7%","","77.8%","69.5%","59.9%","","43.7%","","41.4%","","74.7%","58.4%","68.5%","74.1%","82.3%","","(X)"
"        Margin of Error","±0.2","","±0.7","±0.6","±0.2","±0.4","±0.4","±0.4","±0.3","","±0.2","±0.2","±1.0","±1.8","±1.0","±5.9","±0.9","±1.2","±0.4","±0.2","±0.2","","±0.2","±0.2","±0.7","","±0.6","","±0.6","","±0.2","±0.6","±0.3","±0.3","±0.2","","(X)"
"    Unemployment rate","","","","","","","","","","","","","","","","","","","","","","","","","","","","","","","","","","","","",""
"        Estimate","7.9%","","26.0%","13.1%","6.5%","6.3%","6.3%","6.6%","5.5%","","7.8%","7.2%","14.6%","15.4%","6.4%","12.6%","11.8%","12.7%","10.7%","6.7%","7.1%","","7.4%","6.9%","8.9%","","24.7%","","15.5%","","6.4%","11.2%","8.9%","6.9%","4.0%","","(X)"
"        Margin of Error","±0.1","","±1.2","±0.5","±0.1","±0.2","±0.2","±0.5","±1.2","","±0.1","±0.1","±0.9","±1.7","±0.6","±4.9","±0.8","±0.9","±0.3","±0.1","±0.1","","±0.2","±0.1","±0.5","","±0.6","","±0.7","","±0.1","±0.7","±0.3","±0.2","±0.1","","(X)"
"Connecticut","","","","","","","","","","","","","","","","","","","","","","","","","","","","","","","","","","","","",""
"    Total","","","","","","","","","","","","","","","","","","","","","","","","","","","","","","","","","","","","",""
"        Estimate","2,895,925","","205,866","234,482","892,275","563,772","468,451","280,541","250,538","","2,841,267","2,301,838","281,914","6,146","114,508","920","135,941","54,658","364,019","2,100,994","2,158,980","","1,063,469","1,095,511","159,272","","207,070","","175,735","","1,924,498","161,542","497,348","507,663","757,945","","6.3%"
"        Margin of Error","±1,238","","±1,306","±460","±553","±358","±304","±368","±304","","±2,291","±3,319","±1,896","±593","±1,068","±263","±3,185","±2,218","±447","±1,187","±507","","±380","±342","±2,333","","±3,843","","±3,180","","±518","±2,840","±4,957","±4,409","±5,508","","(X)"
"    In labor force","","","","","","","","","","","","","","","","","","","","","","","","","","","","","","","","","","","","",""
"        Estimate","67.8%","","42.2%","76.9%","85.6%","84.8%","73.3%","32.9%","7.0%","","67.7%","67.2%","69.2%","65.2%","69.7%","78.8%","71.6%","68.9%","70.4%","67.0%","81.8%","","85.9%","77.7%","72.3%","","54.2%","","48.9%","","82.4%","64.1%","79.4%","84.3%","86.9%","","(X)"
"        Margin of Error","±0.2","","±0.8","±0.7","±0.3","±0.3","±0.4","±0.6","±0.3","","±0.2","±0.2","±0.6","±4.1","±1.0","±10.9","±1.0","±1.2","±0.6","±0.2","±0.2","","±0.3","±0.3","±0.7","","±0.8","","±0.9","","±0.2","±1.0","±0.4","±0.3","±0.2","","(X)"
"    Employed","","","","","","","","","","","","","","","","","","","","","","","","","","","","","","","","","","","","",""
"        Estimate","61.0%","","31.0%","63.6%","77.4%","78.5%","68.1%","30.5%","6.5%","","61.1%","61.5%","57.1%","54.9%","64.1%","68.5%","60.5%","57.7%","60.2%","61.5%","74.2%","","77.3%","71.1%","64.9%","","34.3%","","39.8%","","75.5%","53.4%","70.3%","76.5%","82.8%","","(X)"
"        Margin of Error","±0.2","","±0.8","±0.8","±0.3","±0.4","±0.4","±0.6","±0.3","","±0.2","±0.2","±0.7","±4.6","±1.0","±12.1","±1.1","±1.3","±0.6","±0.2","±0.2","","±0.3","±0.3","±0.8","","±0.7","","±0.8","","±0.2","±1.1","±0.4","±0.4","±0.3","","(X)"
"    Unemployment rate","","","","","","","","","","","","","","","","","","","","","","","","","","","","","","","","","","","","",""
"        Estimate","9.6%","","25.5%","15.9%","9.0%","7.4%","7.1%","7.5%","7.1%","","9.4%","8.2%","17.2%","14.2%","7.5%","11.0%","15.3%","15.4%","14.2%","7.7%","8.9%","","9.4%","8.4%","10.2%","","36.8%","","18.6%","","8.1%","16.7%","11.2%","8.8%","4.4%","","(X)"
"        Margin of Error","±0.2","","±1.1","±0.7","±0.2","±0.3","±0.3","±0.6","±1.0","","±0.2","±0.2","±0.6","±3.7","±0.8","±7.9","±0.9","±1.4","±0.6","±0.1","±0.2","","±0.2","±0.2","±0.6","","±0.9","","±1.0","","±0.2","±0.9","±0.4","±0.3","±0.2","","(X)"
"Delaware","","","","","","","","","","","","","","","","","","","","","","","","","","","","","","","","","","","","",""
"    Total","","","","","","","","","","","","","","","","","","","","","","","","","","","","","","","","","","","","",""
"        Estimate","734,886","","49,118","64,882","229,743","131,856","118,205","81,415","59,667","","723,236","529,706","150,619","2,716","25,267","372","14,556","11,650","52,634","496,492","544,686","","264,269","280,417","40,418","","59,183","","55,469","","479,804","49,910","144,750","135,986","149,158","","6.2%"
"        Margin of Error","±627","","±649","±227","±269","±183","±97","±158","±127","","±1,061","±1,256","±738","±404","±380","±208","±1,144","±891","±171","±520","±190","","±186","±84","±1,370","","±1,887","","±1,551","","±239","±1,830","±2,472","±2,168","±2,500","","(X)"
"    In labor force","","","","","","","","","","","","","","","","","","","","","","","","","","","","","","","","","","","","",""
"        Estimate","63.8%","","35.8%","73.4%","84.2%","82.3%","65.1%","26.2%","6.3%","","63.8%","63.0%","65.0%","60.0%","66.3%","81.5%","73.0%","67.7%","71.1%","62.5%","78.3%","","82.0%","74.8%","73.7%","","50.8%","","43.7%","","78.9%","59.8%","74.7%","81.5%","87.1%","","(X)"
"        Margin of Error","±0.3","","±1.6","±1.3","±0.6","±0.7","±0.9","±1.0","±0.5","","±0.3","±0.4","±0.8","±6.5","±1.8","±16.8","±2.7","±3.0","±1.3","±0.4","±0.4","","±0.5","±0.5","±1.4","","±1.5","","±1.4","","±0.4","±1.6","±0.8","±0.6","±0.5","","(X)"
"    Employed","","","","","","","","","","","","","","","","","","","","","","","","","","","","","","","","","","","","",""
"        Estimate","58.0%","","27.1%","61.1%","76.7%","76.7%","61.0%","24.7%","6.0%","","58.0%","58.0%","56.9%","46.1%","62.0%","78.2%","64.0%","56.9%","63.7%","57.6%","71.4%","","74.0%","69.0%","67.0%","","34.9%","","36.4%","","72.8%","51.0%","67.3%","74.9%","83.6%","","(X)"
"        Margin of Error","±0.3","","±1.4","±1.3","±0.6","±0.9","±1.0","±0.9","±0.5","","±0.3","±0.4","±0.9","±6.3","±1.7","±19.4","±2.9","±3.6","±1.6","±0.4","±0.4","","±0.7","±0.5","±1.4","","±1.4","","±1.4","","±0.4","±1.8","±0.9","±0.7","±0.6","","(X)"
"    Unemployment rate","","","","","","","","","","","","","","","","","","","","","","","","","","","","","","","","","","","","",""
"        Estimate","8.5%","","24.0%","15.3%","7.9%","6.6%","6.2%","5.7%","5.8%","","8.5%","7.4%","12.0%","23.2%","6.1%","2.3%","11.4%","14.2%","9.7%","7.3%","8.1%","","8.7%","7.4%","8.5%","","31.2%","","16.7%","","7.2%","14.7%","9.7%","6.8%","3.7%","","(X)"
"        Margin of Error","±0.3","","±2.3","±1.3","±0.5","±0.7","±0.6","±0.8","±2.2","","±0.3","±0.4","±0.8","±10.8","±1.6","±4.8","±2.6","±2.9","±1.6","±0.4","±0.4","","±0.5","±0.4","±1.1","","±2.0","","±1.7","","±0.3","±1.7","±0.8","±0.5","±0.3","","(X)"
"District of Columbia","","","","","","","","","","","","","","","","","","","","","","","","","","","","","","","","","","","","",""
"    Total","","","","","","","","","","","","","","","","","","","","","","","","","","","","","","","","","","","","",""
"        Estimate","536,771","","34,000","60,050","227,267","76,294","67,437","39,650","32,073","","525,864","229,659","254,738","1,794","21,081","195","18,397","10,907","49,085","204,687","431,048","","206,136","224,912","25,644","","66,221","","37,793","","370,998","34,777","65,366","61,913","208,942","","9.3%"
"        Margin of Error","±318","","±443","±306","±128","±68","±96","±75","±57","","±928","±1,570","±823","±309","±582","±107","±1,336","±891","±156","±231","±309","","±195","±232","±1,063","","±2,074","","±1,293","","±109","±1,501","±1,777","±1,836","±1,904","","(X)"
"    In labor force","","","","","","","","","","","","","","","","","","","","","","","","","","","","","","","","","","","","",""
"        Estimate","68.5%","","23.1%","65.0%","87.9%","79.6%","65.1%","33.8%","8.5%","","68.4%","78.2%","58.6%","69.7%","74.1%","72.8%","75.4%","72.6%","77.2%","78.1%","79.7%","","81.4%","78.1%","76.2%","","47.6%","","43.1%","","82.1%","60.8%","70.3%","78.7%","90.3%","","(X)"
"        Margin of Error","±0.4","","±2.0","±2.0","±0.5","±0.9","±1.1","±1.2","±0.9","","±0.4","±0.6","±0.6","±6.8","±2.1","±23.0","±2.4","±2.7","±1.2","±0.6","±0.5","","±0.7","±0.7","±1.9","","±1.5","","±1.8","","±0.4","±2.1","±1.1","±1.1","±0.5","","(X)"
"    Employed","","","","","","","","","","","","","","","","","","","","","","","","","","","","","","","","","","","","",""
"        Estimate","60.7%","","14.5%","51.2%","79.6%","71.0%","58.8%","32.0%","8.3%","","60.6%","74.2%","47.0%","57.6%","71.7%","72.8%","66.6%","66.1%","69.5%","74.4%","70.9%","","71.4%","70.4%","66.0%","","27.1%","","31.7%","","74.1%","47.7%","56.1%","67.2%","86.1%","","(X)"
"        Margin of Error","±0.4","","±1.7","±2.0","±0.6","±1.1","±1.1","±1.3","±0.9","","±0.4","±0.7","±0.7","±6.4","±2.2","±23.0","±2.8","±2.7","±1.3","±0.7","±0.5","","±0.7","±0.8","±1.9","","±1.3","","±1.5","","±0.5","±2.4","±1.3","±1.3","±0.5","","(X)"
"    Unemployment rate","","","","","","","","","","","","","","","","","","","","","","","","","","","","","","","","","","","","",""
"        Estimate","10.6%","","35.4%","19.0%","8.7%","10.4%","9.5%","5.3%","2.4%","","10.6%","3.8%","19.5%","17.4%","2.4%","0.0%","10.9%","8.1%","9.2%","3.4%","10.3%","","10.9%","9.7%","13.2%","","43.0%","","26.5%","","9.2%","21.5%","20.0%","13.9%","4.0%","","(X)"
"        Margin of Error","±0.4","","±4.4","±1.5","±0.5","±0.9","±0.9","±1.2","±1.3","","±0.4","±0.4","±0.8","±7.0","±0.7","±21.6","±2.2","±2.1","±1.3","±0.3","±0.4","","±0.5","±0.5","±1.5","","±2.1","","±2.2","","±0.4","±2.4","±1.4","±1.2","±0.3","","(X)"
"Florida","","","","","","","","","","","","","","","","","","","","","","","","","","","","","","","","","","","","",""
"    Total","","","","","","","","","","","","","","","","","","","","","","","","","","","","","","","","","","","","",""
"        Estimate","15,817,611","","961,151","1,294,864","4,827,678","2,746,426","2,468,932","1,896,734","1,621,826","","15,548,624","12,358,950","2,362,850","47,866","402,165","9,342","367,451","268,987","3,495,720","9,397,401","11,337,900","","5,585,801","5,752,099","781,855","","1,747,549","","1,134,253","","10,043,036","1,194,338","2,886,089","3,190,556","2,772,053","","7.9%"
"        Margin of Error","±3,510","","±3,588","±1,603","±2,014","±1,256","±840","±880","±855","","±7,039","±9,525","±5,441","±2,253","±2,424","±590","±7,695","±6,148","±1,658","±3,194","±1,545","","±1,291","±1,202","±8,727","","±15,387","","±8,562","","±1,803","±11,060","±20,588","±13,689","±19,343","","(X)"
"    In labor force","","","","","","","","","","","","","","","","","","","","","","","","","","","","","","","","","","","","",""
"        Estimate","59.5%","","32.6%","72.3%","81.8%","79.6%","61.5%","22.3%","5.4%","","59.4%","58.3%","62.9%","59.1%","65.2%","70.9%","70.2%","64.4%","65.7%","56.1%","75.8%","","80.0%","71.7%","69.4%","","54.1%","","38.9%","","76.2%","61.4%","72.6%","78.5%","83.8%","","(X)"
"        Margin of Error","±0.1","","±0.4","±0.3","±0.1","±0.2","±0.2","±0.2","±0.1","","±0.1","±0.1","±0.2","±1.9","±0.5","±3.6","±0.6","±0.6","±0.2","±0.1","±0.1","","±0.1","±0.2","±0.4","","±0.3","","±0.5","","±0.1","±0.4","±0.2","±0.2","±0.2","","(X)"
"    Employed","","","","","","","","","","","","","","","","","","","","","","","","","","","","","","","","","","","","",""
"        Estimate","52.7%","","21.9%","58.9%","72.9%","72.5%","56.1%","20.4%","4.9%","","52.7%","52.3%","51.8%","49.2%","60.2%","59.8%","61.6%","54.9%","58.2%","50.5%","67.5%","","70.8%","64.4%","60.3%","","35.6%","","30.3%","","68.7%","51.1%","63.8%","70.8%","78.9%","","(X)"
"        Margin of Error","±0.1","","±0.3","±0.4","±0.2","±0.2","±0.2","±0.2","±0.1","","±0.1","±0.1","±0.3","±2.0","±0.5","±3.9","±0.8","±0.7","±0.2","±0.1","±0.1","","±0.2","±0.2","±0.5","","±0.3","","±0.4","","±0.1","±0.5","±0.2","±0.2","±0.2","","(X)"
"    Unemployment rate","","","","","","","","","","","","","","","","","","","","","","","","","","","","","","","","","","","","",""
"        Estimate","10.9%","","31.7%","17.2%","10.2%","8.8%","8.8%","8.6%","8.9%","","10.9%","9.7%","17.2%","15.8%","7.3%","14.3%","12.0%","13.7%","11.0%","9.3%","10.3%","","10.7%","9.9%","13.0%","","34.2%","","21.7%","","9.5%","16.7%","12.0%","9.2%","5.3%","","(X)"
"        Margin of Error","±0.1","","±0.7","±0.4","±0.2","±0.2","±0.2","±0.3","±0.7","","±0.1","±0.1","±0.3","±1.8","±0.4","±3.2","±0.6","±0.7","±0.2","±0.1","±0.1","","±0.1","±0.1","±0.4","","±0.5","","±0.5","","±0.1","±0.4","±0.2","±0.2","±0.1","","(X)"
"Georgia","","","","","","","","","","","","","","","","","","","","","","","","","","","","","","","","","","","","",""
"    Total","","","","","","","","","","","","","","","","","","","","","","","","","","","","","","","","","","","","",""
"        Estimate","7,693,577","","569,674","713,487","2,741,813","1,396,285","1,134,082","686,153","452,083","","7,588,450","4,795,425","2,307,466","19,578","270,509","3,293","192,179","105,127","593,538","4,434,730","5,985,667","","2,925,934","3,059,733","501,148","","962,418","","637,812","","5,272,180","694,310","1,453,169","1,555,377","1,569,324","","7.0%"
"        Margin of Error","±2,635","","±3,150","±2,113","±2,327","±1,414","±1,098","±892","±784","","±3,276","±5,352","±3,421","±1,096","±1,660","±403","±5,193","±3,471","±1,240","±1,792","±2,281","","±1,902","±1,722","±5,488","","±9,734","","±5,846","","±2,153","±7,324","±10,014","±7,669","±12,475","","(X)"
"    In labor force","","","","","","","","","","","","","","","","","","","","","","","","","","","","","","","","","","","","",""
"        Estimate","63.3%","","33.5%","69.9%","80.9%","78.3%","60.7%","22.6%","5.5%","","63.3%","62.7%","63.6%","60.9%","65.2%","69.7%","71.6%","64.3%","71.4%","61.9%","75.2%","","80.2%","70.3%","67.9%","","53.1%","","38.6%","","75.9%","57.8%","70.8%","78.8%","85.6%","","(X)"
"        Margin of Error","±0.1","","±0.5","±0.5","±0.2","±0.3","±0.3","±0.4","±0.2","","±0.1","±0.1","±0.2","±2.6","±0.7","±6.3","±1.0","±1.2","±0.5","±0.2","±0.1","","±0.2","±0.2","±0.6","","±0.4","","±0.5","","±0.1","±0.5","±0.3","±0.3","±0.2","","(X)"
"    Employed","","","","","","","","","","","","","","","","","","","","","","","","","","","","","","","","","","","","",""
"        Estimate","55.9%","","21.6%","54.8%","72.1%","71.9%","56.1%","21.1%","5.2%","","55.9%","56.8%","52.9%","51.0%","60.4%","58.5%","63.9%","52.9%","63.5%","56.2%","67.0%","","71.1%","63.0%","58.5%","","35.8%","","30.5%","","68.6%","48.8%","62.6%","70.7%","81.0%","","(X)"
"        Margin of Error","±0.1","","±0.5","±0.5","±0.2","±0.3","±0.3","±0.4","±0.2","","±0.1","±0.1","±0.3","±2.8","±0.7","±6.4","±1.1","±1.2","±0.5","±0.2","±0.2","","±0.2","±0.2","±0.6","","±0.4","","±0.4","","±0.2","±0.5","±0.3","±0.3","±0.2","","(X)"
"    Unemployment rate","","","","","","","","","","","","","","","","","","","","","","","","","","","","","","","","","","","","",""
"        Estimate","10.8%","","33.7%","19.3%","9.7%","7.9%","7.5%","6.7%","5.2%","","10.7%","8.3%","16.2%","14.5%","6.6%","9.2%","9.6%","15.9%","9.6%","8.2%","10.0%","","9.9%","10.1%","13.5%","","32.4%","","20.4%","","8.9%","15.5%","11.2%","9.2%","4.7%","","(X)"
"        Margin of Error","±0.1","","±1.0","±0.4","±0.2","±0.2","±0.3","±0.5","±0.9","","±0.1","±0.1","±0.3","±2.6","±0.5","±3.9","±0.7","±1.2","±0.4","±0.1","±0.1","","±0.2","±0.2","±0.5","","±0.5","","±0.6","","±0.1","±0.6","±0.2","±0.2","±0.2","","(X)"
"Hawaii","","","","","","","","","","","","","","","","","","","","","","","","","","","","","","","","","","","","",""
"    Total","","","","","","","","","","","","","","","","","","","","","","","","","","","","","","","","","","","","",""
"        Estimate","1,118,419","","65,384","102,172","374,806","185,369","179,032","113,698","97,958","","904,663","305,127","21,356","2,551","460,447","102,410","12,772","213,756","87,850","280,722","841,379","","432,669","408,710","64,857","","87,101","","65,789","","739,207","49,658","198,433","256,445","234,671","","7.5%"
"        Margin of Error","±763","","±797","±268","±274","±216","±114","±132","±87","","±3,371","±1,269","±729","±338","±3,263","±1,621","±952","±3,302","±288","±287","±274","","±190","±221","±1,513","","±2,654","","±1,799","","±211","±1,812","±3,371","±3,144","±2,944","","(X)"
"    In labor force","","","","","","","","","","","","","","","","","","","","","","","","","","","","","","","","","","","","",""
"        Estimate","65.4%","","36.3%","76.8%","83.4%","82.8%","68.5%","30.0%","6.5%","","64.6%","66.1%","77.3%","64.6%","63.1%","63.7%","69.5%","68.9%","69.0%","65.8%","79.3%","","83.9%","74.4%","67.0%","","48.4%","","46.6%","","79.6%","62.9%","75.5%","80.7%","85.5%","","(X)"
"        Margin of Error","±0.3","","±1.2","±1.1","±0.5","±0.6","±0.8","±1.0","±0.5","","±0.3","±0.5","±2.1","±5.8","±0.4","±1.1","±3.3","±0.7","±1.0","±0.5","±0.3","","±0.5","±0.4","±1.2","","±1.4","","±1.2","","±0.4","±1.6","±0.7","±0.6","±0.5","","(X)"
"    Employed","","","","","","","","","","","","","","","","","","","","","","","","","","","","","","","","","","","","",""
"        Estimate","57.7%","","25.3%","57.0%","72.1%","78.0%","65.3%","29.0%","6.3%","","56.9%","53.8%","47.0%","44.6%","60.0%","55.1%","52.6%","61.3%","56.1%","53.9%","70.1%","","70.8%","69.4%","61.0%","","36.1%","","38.7%","","71.9%","56.3%","67.1%","71.4%","79.9%","","(X)"
"        Margin of Error","±0.3","","±1.2","±1.2","±0.5","±0.6","±0.7","±1.0","±0.5","","±0.3","±0.6","±2.5","±6.5","±0.4","±1.2","±3.2","±0.7","±1.1","±0.6","±0.4","","±0.5","±0.4","±1.3","","±1.3","","±1.1","","±0.4","±1.6","±0.8","±0.7","±0.5","","(X)"
"    Unemployment rate","","","","","","","","","","","","","","","","","","","","","","","","","","","","","","","","","","","","",""
"        Estimate","6.7%","","25.1%","11.3%","6.6%","4.7%","4.5%","3.5%","3.8%","","6.0%","6.3%","11.3%","10.6%","4.2%","12.2%","8.3%","9.3%","10.0%","6.1%","6.3%","","6.9%","5.5%","6.9%","","24.4%","","13.9%","","5.7%","10.2%","8.4%","5.6%","2.9%","","(X)"
"        Margin of Error","±0.2","","±2.0","±0.9","±0.3","±0.4","±0.4","±0.7","±1.4","","±0.2","±0.4","±2.1","±5.8","±0.2","±0.9","±2.4","±0.5","±1.0","±0.4","±0.2","","±0.3","±0.3","±0.8","","±1.5","","±1.6","","±0.2","±1.3","±0.6","±0.4","±0.2","","(X)"
"Idaho","","","","","","","","","","","","","","","","","","","","","","","","","","","","","","","","","","","","",""
"    Total","","","","","","","","","","","","","","","","","","","","","","","","","","","","","","","","","","","","",""
"        Estimate","1,216,172","","89,536","111,149","407,273","203,261","191,552","124,095","89,306","","1,193,684","1,127,090","6,734","15,202","17,159","1,628","25,871","22,488","118,576","1,041,641","913,235","","460,141","453,094","86,118","","133,424","","99,784","","802,086","79,169","213,644","298,402","210,871","","6.0%"
"        Margin of Error","±929","","±998","±774","±887","±658","±417","±408","±315","","±1,316","±2,004","±401","±729","±738","±310","±1,697","±1,142","±358","±930","±776","","±653","±578","±1,984","","±3,016","","±2,360","","±608","±1,867","±2,826","±2,902","±2,781","","(X)"
"    In labor force","","","","","","","","","","","","","","","","","","","","","","","","","","","","","","","","","","","","",""
"        Estimate","63.2%","","42.2%","75.7%","80.5%","80.8%","63.7%","21.9%","5.6%","","63.2%","63.1%","66.9%","55.9%","62.6%","67.0%","71.9%","61.8%","69.7%","62.6%","76.5%","","82.9%","69.9%","60.0%","","56.8%","","45.6%","","76.6%","65.6%","73.7%","76.6%","83.6%","","(X)"
"        Margin of Error","±0.2","","±1.2","±1.1","±0.5","±0.5","±0.8","±0.7","±0.5","","±0.3","±0.2","±5.5","±2.7","±2.1","±7.4","±2.2","±2.1","±1.1","±0.3","±0.3","","±0.4","±0.4","±1.2","","±1.0","","±1.1","","±0.3","±1.3","±0.6","±0.6","±0.5","","(X)"
"    Employed","","","","","","","","","","","","","","","","","","","","","","","","","","","","","","","","","","","","",""
"        Estimate","57.8%","","31.5%","65.7%","74.6%","75.8%","59.6%","20.4%","5.4%","","58.0%","58.0%","54.2%","45.4%","57.2%","59.5%","64.6%","51.9%","62.2%","57.7%","70.6%","","76.2%","65.0%","54.7%","","44.4%","","38.2%","","71.3%","57.3%","67.9%","71.1%","80.4%","","(X)"
"        Margin of Error","±0.3","","±1.1","±1.3","±0.5","±0.6","±0.7","±0.7","±0.5","","±0.3","±0.3","±5.2","±2.5","±2.4","±8.1","±2.3","±2.3","±1.3","±0.3","±0.3","","±0.4","±0.5","±1.3","","±1.1","","±1.1","","±0.3","±1.4","±0.7","±0.6","±0.6","","(X)"
"    Unemployment rate","","","","","","","","","","","","","","","","","","","","","","","","","","","","","","","","","","","","",""
"        Estimate","8.1%","","24.9%","12.5%","6.8%","6.0%","6.5%","7.0%","4.4%","","7.9%","7.7%","15.5%","18.9%","7.8%","10.2%","10.1%","15.5%","10.4%","7.5%","7.2%","","7.5%","6.9%","8.6%","","21.9%","","16.0%","","6.5%","12.6%","7.8%","6.6%","3.5%","","(X)"
"        Margin of Error","±0.3","","±1.6","±1.1","±0.3","±0.4","±0.5","±1.1","±1.9","","±0.3","±0.3","±4.0","±2.6","±2.1","±6.2","±1.7","±1.8","±0.8","±0.3","±0.3","","±0.3","±0.4","±0.9","","±1.2","","±1.3","","±0.2","±1.2","±0.5","±0.4","±0.3","","(X)"
"Illinois","","","","","","","","","","","","","","","","","","","","","","","","","","","","","","","","","","","","",""
"    Total","","","","","","","","","","","","","","","","","","","","","","","","","","","","","","","","","","","","",""
"        Estimate","10,170,489","","715,759","894,175","3,480,459","1,823,332","1,560,481","924,083","772,200","","10,020,935","7,549,068","1,419,297","22,005","505,598","2,751","522,216","149,554","1,443,381","6,683,921","7,758,447","","3,846,441","3,912,006","615,856","","993,604","","650,015","","6,864,272","731,050","1,705,521","2,068,854","2,358,847","","6.2%"
"        Margin of Error","±2,343","","±2,597","±1,145","±1,289","±886","±632","±545","±443","","±3,888","±7,231","±2,934","±1,154","±1,750","±328","±7,942","±3,370","±1,177","±2,064","±1,245","","±974","±990","±5,622","","±8,223","","±5,101","","±1,138","±6,437","±10,769","±8,843","±12,142","","(X)"
"    In labor force","","","","","","","","","","","","","","","","","","","","","","","","","","","","","","","","","","","","",""
"        Estimate","66.1%","","39.2%","75.3%","84.1%","82.8%","66.8%","26.1%","5.9%","","66.0%","66.7%","59.6%","64.8%","67.3%","79.3%","72.5%","67.4%","70.9%","66.3%","79.3%","","84.0%","74.7%","69.2%","","55.7%","","43.8%","","79.8%","62.5%","75.1%","81.6%","87.0%","","(X)"
"        Margin of Error","±0.1","","±0.4","±0.3","±0.1","±0.2","±0.3","±0.2","±0.2","","±0.1","±0.1","±0.3","±2.0","±0.5","±4.5","±0.4","±0.8","±0.2","±0.1","±0.1","","±0.1","±0.2","±0.4","","±0.3","","±0.4","","±0.1","±0.3","±0.2","±0.2","±0.2","","(X)"
"    Employed","","","","","","","","","","","","","","","","","","","","","","","","","","","","","","","","","","","","",""
"        Estimate","59.3%","","27.0%","62.8%","76.2%","76.2%","61.9%","24.6%","5.6%","","59.3%","61.2%","46.8%","55.7%","62.5%","71.4%","64.0%","57.1%","62.6%","61.1%","71.8%","","75.6%","68.0%","61.3%","","37.1%","","35.5%","","72.9%","52.9%","66.4%","74.0%","83.0%","","(X)"
"        Margin of Error","±0.1","","±0.3","±0.4","±0.2","±0.2","±0.3","±0.2","±0.2","","±0.1","±0.1","±0.3","±2.2","±0.5","±5.7","±0.5","±0.9","±0.3","±0.1","±0.1","","±0.2","±0.2","±0.5","","±0.4","","±0.4","","±0.1","±0.4","±0.2","±0.2","±0.2","","(X)"
"    Unemployment rate","","","","","","","","","","","","","","","","","","","","","","","","","","","","","","","","","","","","",""
"        Estimate","10.0%","","30.1%","16.0%","9.1%","8.0%","7.3%","6.0%","5.1%","","9.9%","8.1%","21.2%","13.7%","7.0%","8.3%","11.7%","14.4%","11.5%","7.7%","9.3%","","9.7%","8.8%","11.3%","","33.3%","","18.9%","","8.5%","15.3%","11.5%","9.1%","4.5%","","(X)"
"        Margin of Error","±0.1","","±0.5","±0.3","±0.1","±0.1","±0.2","±0.3","±0.7","","±0.1","±0.1","±0.4","±2.1","±0.3","±5.0","±0.5","±0.8","±0.3","±0.1","±0.1","","±0.1","±0.1","±0.4","","±0.5","","±0.5","","±0.1","±0.4","±0.2","±0.2","±0.1","","(X)"
"Indiana","","","","","","","","","","","","","","","","","","","","","","","","","","","","","","","","","","","","",""
"    Total","","","","","","","","","","","","","","","","","","","","","","","","","","","","","","","","","","","","",""
"        Estimate","5,131,317","","371,909","471,589","1,666,922","918,682","813,427","492,028","396,760","","5,060,192","4,413,049","442,592","11,936","90,507","1,462","100,646","71,125","265,466","4,262,557","3,870,620","","1,925,249","1,945,371","315,732","","544,371","","446,292","","3,399,031","364,179","1,110,896","1,061,194","862,762","","6.0%"
"        Margin of Error","±2,045","","±2,092","±1,061","±1,234","±1,073","±692","±670","±579","","±2,725","±3,247","±1,635","±773","±1,031","±303","±3,000","±2,079","±581","±1,578","±1,186","","±1,099","±970","±3,693","","±6,250","","±4,627","","±1,074","±4,838","±6,923","±5,395","±7,980","","(X)"
"    In labor force","","","","","","","","","","","","","","","","","","","","","","","","","","","","","","","","","","","","",""
"        Estimate","64.1%","","39.7%","73.6%","82.9%","80.8%","64.7%","24.3%","6.3%","","64.1%","64.3%","61.3%","59.6%","62.9%","70.3%","70.9%","60.7%","69.8%","64.1%","77.4%","","82.0%","72.9%","70.0%","","54.2%","","41.7%","","77.9%","57.2%","74.7%","81.0%","87.2%","","(X)"
"        Margin of Error","±0.2","","±0.6","±0.5","±0.2","±0.3","±0.4","±0.4","±0.2","","±0.2","±0.2","±0.5","±2.9","±1.2","±7.3","±1.1","±1.1","±0.6","±0.2","±0.2","","±0.2","±0.3","±0.5","","±0.5","","±0.5","","±0.2","±0.6","±0.3","±0.3","±0.3","","(X)"
"    Employed","","","","","","","","","","","","","","","","","","","","","","","","","","","","","","","","","","","","",""
"        Estimate","58.4%","","30.0%","62.8%","75.7%","75.4%","61.0%","23.0%","6.0%","","58.4%","59.2%","50.2%","50.5%","59.1%","61.1%","63.4%","52.4%","62.0%","59.1%","70.9%","","74.8%","67.1%","62.7%","","37.9%","","34.3%","","72.1%","48.2%","67.8%","74.9%","84.2%","","(X)"
"        Margin of Error","±0.2","","±0.6","±0.5","±0.3","±0.3","±0.4","±0.4","±0.2","","±0.2","±0.2","±0.6","±3.0","±1.2","±8.3","±1.3","±1.1","±0.6","±0.2","±0.2","","±0.2","±0.3","±0.6","","±0.5","","±0.6","","±0.2","±0.5","±0.3","±0.3","±0.3","","(X)"
"    Unemployment rate","","","","","","","","","","","","","","","","","","","","","","","","","","","","","","","","","","","","",""
"        Estimate","8.8%","","24.5%","14.5%","8.5%","6.6%","5.8%","5.2%","4.8%","","8.8%","7.9%","18.0%","15.1%","6.1%","11.0%","10.5%","13.5%","11.0%","7.8%","8.2%","","8.5%","7.9%","10.4%","","30.0%","","17.8%","","7.4%","15.7%","9.2%","7.3%","3.3%","","(X)"
"        Margin of Error","±0.1","","±0.9","±0.5","±0.2","±0.2","±0.2","±0.4","±0.9","","±0.1","±0.1","±0.6","±2.6","±0.8","±6.0","±1.1","±1.2","±0.6","±0.1","±0.1","","±0.2","±0.2","±0.5","","±0.6","","±0.7","","±0.1","±0.6","±0.2","±0.2","±0.1","","(X)"
"Iowa","","","","","","","","","","","","","","","","","","","","","","","","","","","","","","","","","","","","",""
"    Total","","","","","","","","","","","","","","","","","","","","","","","","","","","","","","","","","","","","",""
"        Estimate","2,434,242","","173,430","221,870","752,564","422,481","393,919","240,304","229,674","","2,406,174","2,256,751","66,051","7,336","46,919","1,295","27,822","28,068","102,162","2,188,017","1,790,834","","904,631","886,203","150,400","","210,855","","167,240","","1,568,964","111,245","450,748","553,586","453,385","","5.8%"
"        Margin of Error","±975","","±1,166","±984","±1,121","±744","±463","±421","±269","","±1,568","±1,906","±839","±442","±796","±281","±1,468","±1,372","±339","±790","±872","","±854","±677","±2,039","","±3,344","","±2,559","","±865","±2,285","±3,666","±4,491","±4,736","","(X)"
"    In labor force","","","","","","","","","","","","","","","","","","","","","","","","","","","","","","","","","","","","",""
"        Estimate","67.9%","","51.2%","81.5%","87.2%","86.0%","71.6%","28.1%","6.7%","","67.9%","68.0%","64.6%","57.4%","67.4%","75.5%","73.9%","67.9%","74.4%","67.8%","82.8%","","86.0%","79.5%","78.2%","","58.7%","","50.5%","","82.9%","66.6%","79.0%","84.6%","88.8%","","(X)"
"        Margin of Error","±0.2","","±0.8","±0.6","±0.3","±0.3","±0.4","±0.5","±0.2","","±0.2","±0.2","±1.4","±3.2","±1.5","±7.2","±2.2","±2.0","±0.9","±0.2","±0.2","","±0.2","±0.2","±0.7","","±0.7","","±0.8","","±0.2","±0.9","±0.3","±0.3","±0.3","","(X)"
"    Employed","","","","","","","","","","","","","","","","","","","","","","","","","","","","","","","","","","","","",""
"        Estimate","64.2%","","42.7%","73.7%","82.9%","82.4%","69.2%","27.2%","6.5%","","64.2%","64.5%","54.9%","50.4%","63.9%","69.7%","67.0%","59.4%","67.7%","64.4%","78.6%","","81.2%","76.0%","73.8%","","46.9%","","44.1%","","79.3%","59.5%","74.6%","80.9%","87.0%","","(X)"
"        Margin of Error","±0.2","","±0.8","±0.7","±0.3","±0.4","±0.4","±0.5","±0.2","","±0.2","±0.2","±1.5","±3.5","±1.6","±7.1","±2.2","±2.1","±0.9","±0.2","±0.2","","±0.3","±0.3","±0.8","","±0.7","","±0.8","","±0.2","±1.0","±0.4","±0.4","±0.3","","(X)"
"    Unemployment rate","","","","","","","","","","","","","","","","","","","","","","","","","","","","","","","","","","","","",""
"        Estimate","5.4%","","16.5%","9.5%","4.8%","4.0%","3.3%","3.2%","3.0%","","5.3%","5.0%","14.8%","12.2%","5.0%","7.7%","9.3%","12.5%","9.0%","4.9%","4.9%","","5.3%","4.4%","5.5%","","20.1%","","12.7%","","4.2%","10.7%","5.6%","4.2%","1.9%","","(X)"
"        Margin of Error","±0.1","","±0.7","±0.5","±0.2","±0.2","±0.2","±0.4","±0.7","","±0.1","±0.1","±1.3","±3.7","±0.9","±4.1","±1.4","±1.4","±0.8","±0.1","±0.1","","±0.2","±0.2","±0.4","","±0.7","","±0.7","","±0.1","±0.8","±0.2","±0.2","±0.1","","(X)"
"Kansas","","","","","","","","","","","","","","","","","","","","","","","","","","","","","","","","","","","","",""
"    Total","","","","","","","","","","","","","","","","","","","","","","","","","","","","","","","","","","","","",""
"        Estimate","2,236,421","","162,741","211,786","729,931","386,309","350,595","207,466","187,593","","2,185,790","1,938,045","125,880","18,153","56,649","1,281","45,782","50,631","201,263","1,794,677","1,678,621","","847,035","831,586","147,933","","210,940","","174,368","","1,466,835","132,606","361,318","493,039","479,872","","5.2%"
"        Margin of Error","±1,122","","±1,371","±854","±1,006","±713","±510","±532","±444","","±1,799","±2,260","±1,113","±720","±730","±231","±1,676","±1,596","±496","±839","±932","","±699","±898","±2,052","","±3,421","","±3,218","","±871","±2,433","±3,446","±3,604","±3,794","","(X)"
"    In labor force","","","","","","","","","","","","","","","","","","","","","","","","","","","","","","","","","","","","",""
"        Estimate","67.4%","","46.8%","77.9%","84.7%","83.6%","70.5%","30.4%","7.8%","","67.4%","67.5%","64.3%","66.4%","68.0%","57.4%","72.3%","66.4%","72.3%","67.1%","80.6%","","85.2%","76.0%","70.2%","","58.2%","","48.9%","","81.0%","66.3%","76.1%","82.1%","87.6%","","(X)"
"        Margin of Error","±0.2","","±0.8","±0.8","±0.2","±0.4","±0.4","±0.5","±0.3","","±0.2","±0.2","±0.9","±2.1","±1.3","±12.5","±1.4","±1.5","±0.6","±0.2","±0.2","","±0.2","±0.3","±0.8","","±0.9","","±0.8","","±0.2","±0.9","±0.4","±0.4","±0.3","","(X)"
"    Employed","","","","","","","","","","","","","","","","","","","","","","","","","","","","","","","","","","","","",""
"        Estimate","62.2%","","37.1%","67.6%","78.2%","79.2%","67.4%","29.2%","7.6%","","62.4%","63.0%","53.0%","57.1%","62.2%","40.8%","65.2%","56.9%","65.0%","62.8%","74.9%","","78.3%","71.4%","64.6%","","44.9%","","41.7%","","75.9%","59.0%","69.9%","76.6%","84.4%","","(X)"
"        Margin of Error","±0.2","","±0.8","±0.8","±0.3","±0.4","±0.5","±0.6","±0.3","","±0.2","±0.2","±0.8","±2.4","±1.2","±10.1","±1.5","±1.5","±0.7","±0.2","±0.2","","±0.3","±0.3","±0.8","","±0.8","","±0.8","","±0.2","±1.0","±0.5","±0.4","±0.3","","(X)"
"    Unemployment rate","","","","","","","","","","","","","","","","","","","","","","","","","","","","","","","","","","","","",""
"        Estimate","6.6%","","19.8%","10.4%","6.1%","4.9%","4.4%","3.8%","2.7%","","6.4%","5.7%","14.9%","13.6%","7.7%","11.1%","9.3%","13.4%","8.9%","5.5%","6.0%","","6.2%","5.8%","7.8%","","22.7%","","14.3%","","5.4%","11.0%","7.5%","5.6%","2.7%","","(X)"
"        Margin of Error","±0.2","","±1.1","±0.4","±0.3","±0.2","±0.2","±0.4","±0.8","","±0.2","±0.2","±0.8","±2.1","±1.0","±7.4","±1.2","±1.1","±0.7","±0.1","±0.2","","±0.2","±0.2","±0.5","","±0.9","","±0.8","","±0.2","±0.8","±0.3","±0.2","±0.2","","(X)"
"Kentucky","","","","","","","","","","","","","","","","","","","","","","","","","","","","","","","","","","","","",""
"    Total","","","","","","","","","","","","","","","","","","","","","","","","","","","","","","","","","","","","",""
"        Estimate","3,476,701","","229,896","307,096","1,134,546","626,850","563,817","354,219","260,277","","3,434,618","3,092,414","264,729","7,631","40,869","1,588","27,387","42,083","90,021","3,037,434","2,632,309","","1,307,061","1,325,248","206,248","","452,452","","411,401","","2,325,213","305,746","772,264","702,989","544,214","","6.3%"
"        Margin of Error","±1,261","","±1,348","±1,136","±1,344","±979","±740","±586","±485","","±1,940","±2,422","±1,528","±637","±802","±343","±1,651","±1,564","±600","±1,357","±1,235","","±990","±910","±2,525","","±6,541","","±4,258","","±1,324","±4,063","±4,715","±3,759","±5,961","","(X)"
"    In labor force","","","","","","","","","","","","","","","","","","","","","","","","","","","","","","","","","","","","",""
"        Estimate","59.8%","","41.5%","75.3%","78.9%","73.5%","54.7%","21.0%","5.5%","","59.8%","59.4%","61.7%","55.9%","67.6%","64.8%","76.2%","60.3%","73.6%","59.2%","72.0%","","76.4%","67.7%","67.8%","","46.1%","","32.3%","","71.6%","44.4%","67.6%","76.4%","86.1%","","(X)"
"        Margin of Error","±0.1","","±0.6","±0.6","±0.3","±0.4","±0.4","±0.4","±0.3","","±0.1","±0.2","±0.6","±3.5","±1.6","±9.4","±1.7","±2.0","±0.9","±0.2","±0.2","","±0.2","±0.3","±0.7","","±0.6","","±0.5","","±0.2","±0.6","±0.3","±0.3","±0.3","","(X)"
"    Employed","","","","","","","","","","","","","","","","","","","","","","","","","","","","","","","","","","","","",""
"        Estimate","53.8%","","30.4%","62.0%","70.8%","68.7%","51.7%","20.0%","5.2%","","53.9%","53.9%","51.2%","44.0%","61.9%","54.5%","68.6%","50.0%","63.5%","53.7%","65.2%","","68.4%","62.0%","60.1%","","31.9%","","26.4%","","65.6%","37.2%","60.8%","69.9%","82.8%","","(X)"
"        Margin of Error","±0.2","","±0.6","±0.7","±0.3","±0.4","±0.4","±0.4","±0.3","","±0.2","±0.2","±0.7","±3.7","±1.5","±8.9","±2.1","±2.1","±1.0","±0.2","±0.2","","±0.3","±0.3","±0.8","","±0.5","","±0.5","","±0.2","±0.6","±0.4","±0.4","±0.3","","(X)"
"    Unemployment rate","","","","","","","","","","","","","","","","","","","","","","","","","","","","","","","","","","","","",""
"        Estimate","9.3%","","25.8%","15.7%","9.4%","6.4%","5.4%","4.6%","4.8%","","9.3%","8.7%","15.6%","17.0%","7.1%","8.7%","8.5%","15.4%","11.1%","8.7%","8.7%","","9.2%","8.2%","11.3%","","30.6%","","18.0%","","7.8%","16.3%","9.8%","7.6%","3.3%","","(X)"
"        Margin of Error","±0.2","","±1.1","±0.6","±0.2","±0.2","±0.3","±0.5","±1.1","","±0.2","±0.2","±0.7","±3.7","±1.2","±7.3","±1.6","±1.9","±0.8","±0.2","±0.2","","±0.2","±0.2","±0.6","","±0.8","","±0.7","","±0.2","±0.8","±0.3","±0.3","±0.1","","(X)"
"Louisiana","","","","","","","","","","","","","","","","","","","","","","","","","","","","","","","","","","","","",""
"    Total","","","","","","","","","","","","","","","","","","","","","","","","","","","","","","","","","","","","",""
"        Estimate","3,610,029","","250,453","348,748","1,215,681","633,627","567,713","340,124","253,683","","3,566,161","2,339,739","1,106,016","22,402","60,213","1,270","36,521","43,868","155,095","2,233,206","2,765,769","","1,361,695","1,404,074","229,278","","468,977","","363,529","","2,417,021","364,409","806,769","688,460","557,383","","6.2%"
"        Margin of Error","±1,607","","±1,837","±1,170","±1,378","±980","±580","±527","±491","","±2,555","±2,492","±1,653","±957","±687","±236","±2,098","±1,749","±531","±1,221","±1,280","","±925","±860","±3,061","","±5,271","","±3,790","","±1,217","±4,557","±6,506","±6,178","±6,314","","(X)"
"    In labor force","","","","","","","","","","","","","","","","","","","","","","","","","","","","","","","","","","","","",""
"        Estimate","61.1%","","33.9%","71.2%","79.6%","74.7%","58.4%","24.8%","6.5%","","61.1%","62.0%","58.8%","58.3%","66.8%","68.5%","69.0%","62.2%","69.7%","61.6%","73.1%","","77.5%","68.8%","69.3%","","50.5%","","39.5%","","73.4%","53.4%","70.3%","77.7%","85.3%","","(X)"
"        Margin of Error","±0.2","","±0.7","±0.6","±0.3","±0.5","±0.4","±0.5","±0.3","","±0.2","±0.2","±0.3","±2.3","±1.4","±7.2","±1.6","±1.6","±0.8","±0.2","±0.2","","±0.3","±0.3","±0.7","","±0.5","","±0.7","","±0.2","±0.7","±0.4","±0.4","±0.3","","(X)"
"    Employed","","","","","","","","","","","","","","","","","","","","","","","","","","","","","","","","","","","","",""
"        Estimate","55.5%","","24.1%","58.9%","72.4%","70.3%","55.3%","23.7%","6.3%","","55.5%","57.6%","50.4%","52.1%","62.6%","61.7%","63.6%","53.8%","62.9%","57.3%","66.7%","","70.4%","63.2%","61.9%","","36.4%","","32.9%","","67.9%","45.6%","64.7%","71.9%","82.0%","","(X)"
"        Margin of Error","±0.2","","±0.6","±0.7","±0.3","±0.5","±0.4","±0.5","±0.3","","±0.2","±0.2","±0.3","±2.4","±1.4","±8.4","±1.8","±1.6","±0.9","±0.2","±0.2","","±0.3","±0.3","±0.8","","±0.5","","±0.6","","±0.2","±0.6","±0.4","±0.4","±0.4","","(X)"
"    Unemployment rate","","","","","","","","","","","","","","","","","","","","","","","","","","","","","","","","","","","","",""
"        Estimate","8.7%","","28.3%","15.9%","8.2%","5.7%","5.2%","4.4%","4.0%","","8.6%","6.3%","14.0%","9.4%","5.8%","7.1%","6.7%","11.5%","8.4%","6.2%","8.0%","","8.1%","8.0%","10.5%","","27.9%","","16.1%","","7.0%","14.6%","7.8%","6.7%","3.1%","","(X)"
"        Margin of Error","±0.1","","±1.1","±0.7","±0.2","±0.2","±0.3","±0.5","±1.2","","±0.1","±0.2","±0.3","±2.1","±0.8","±4.3","±1.4","±1.5","±0.7","±0.2","±0.1","","±0.2","±0.2","±0.6","","±0.8","","±0.7","","±0.1","±0.6","±0.3","±0.2","±0.2","","(X)"
"Maine","","","","","","","","","","","","","","","","","","","","","","","","","","","","","","","","","","","","",""
"    Total","","","","","","","","","","","","","","","","","","","","","","","","","","","","","","","","","","","","",""
"        Estimate","1,095,219","","67,541","79,719","310,878","209,433","201,176","125,797","100,675","","1,080,491","1,050,646","9,867","6,067","11,340","157","2,414","14,728","12,598","1,041,328","801,206","","394,171","407,035","50,413","","106,315","","107,110","","721,487","45,041","233,579","229,874","212,993","","5.0%"
"        Margin of Error","±666","","±725","±442","±542","±334","±304","±243","±224","","±812","±798","±341","±406","±334","±73","±453","±682","±164","±695","±457","","±376","±409","±1,208","","±2,126","","±2,243","","±509","±1,431","±2,514","±2,445","±3,078","","(X)"
"    In labor force","","","","","","","","","","","","","","","","","","","","","","","","","","","","","","","","","","","","",""
"        Estimate","63.9%","","47.3%","79.9%","83.6%","81.4%","67.0%","27.0%","5.5%","","64.0%","63.9%","62.4%","57.4%","71.0%","72.0%","74.6%","61.7%","70.5%","63.9%","78.5%","","81.5%","75.5%","71.8%","","49.6%","","38.4%","","78.3%","52.0%","73.8%","80.1%","86.9%","","(X)"
"        Margin of Error","±0.2","","±1.0","±0.9","±0.4","±0.6","±0.6","±0.8","±0.4","","±0.2","±0.2","±3.4","±3.1","±2.7","±21.3","±6.9","±2.2","±2.5","±0.3","±0.3","","±0.4","±0.4","±1.4","","±0.9","","±0.8","","±0.3","±1.6","±0.5","±0.4","±0.4","","(X)"
"    Employed","","","","","","","","","","","","","","","","","","","","","","","","","","","","","","","","","","","","",""
"        Estimate","59.0%","","37.6%","69.1%","77.0%","76.7%","63.8%","25.6%","5.4%","","59.1%","59.2%","51.4%","47.0%","68.0%","69.4%","66.9%","51.6%","61.9%","59.1%","72.8%","","74.8%","70.9%","65.9%","","35.3%","","32.0%","","73.2%","43.8%","67.3%","74.9%","84.2%","","(X)"
"        Margin of Error","±0.3","","±1.0","±1.2","±0.5","±0.7","±0.6","±0.8","±0.4","","±0.3","±0.3","±3.5","±3.6","±2.8","±20.5","±7.3","±2.4","±2.9","±0.3","±0.3","","±0.5","±0.4","±1.3","","±1.0","","±0.9","","±0.3","±1.7","±0.6","±0.5","±0.5","","(X)"
"    Unemployment rate","","","","","","","","","","","","","","","","","","","","","","","","","","","","","","","","","","","","",""
"        Estimate","7.4%","","20.5%","12.9%","7.5%","5.7%","4.8%","4.9%","2.9%","","7.3%","7.2%","16.8%","18.1%","4.2%","3.5%","9.4%","15.9%","11.6%","7.2%","6.9%","","7.7%","6.1%","8.1%","","28.8%","","16.7%","","6.3%","15.9%","8.7%","6.2%","2.9%","","(X)"
"        Margin of Error","±0.2","","±1.3","±1.1","±0.4","±0.4","±0.3","±0.6","±1.2","","±0.2","±0.2","±3.1","±3.4","±1.6","±4.9","±4.8","±2.4","±2.6","±0.2","±0.2","","±0.3","±0.3","±0.9","","±1.3","","±1.3","","±0.2","±2.0","±0.4","±0.4","±0.2","","(X)"
"Maryland","","","","","","","","","","","","","","","","","","","","","","","","","","","","","","","","","","","","",""
"    Total","","","","","","","","","","","","","","","","","","","","","","","","","","","","","","","","","","","","",""
"        Estimate","4,695,768","","319,718","402,857","1,579,551","893,639","735,946","431,518","332,539","","4,601,136","2,807,945","1,355,693","13,404","278,673","2,028","143,393","94,632","365,193","2,619,238","3,611,993","","1,753,475","1,858,518","280,324","","322,523","","299,008","","3,209,136","299,404","785,032","871,948","1,252,752","","7.0%"
"        Margin of Error","±1,501","","±1,607","±738","±778","±524","±310","±361","±344","","±2,938","±4,406","±2,925","±1,035","±1,435","±276","±4,294","±2,994","±519","±1,206","±767","","±475","±613","±3,592","","±4,615","","±4,012","","±707","±4,293","±7,055","±4,959","±8,942","","(X)"
"    In labor force","","","","","","","","","","","","","","","","","","","","","","","","","","","","","","","","","","","","",""
"        Estimate","68.9%","","38.7%","75.6%","86.3%","85.1%","70.5%","31.9%","7.2%","","68.8%","67.9%","69.2%","67.9%","69.6%","68.0%","81.4%","71.1%","78.4%","67.3%","81.6%","","85.2%","78.2%","74.1%","","52.9%","","47.9%","","82.4%","66.0%","77.0%","83.3%","89.0%","","(X)"
"        Margin of Error","±0.1","","±0.6","±0.6","±0.2","±0.3","±0.3","±0.5","±0.3","","±0.1","±0.2","±0.3","±2.7","±0.6","±8.8","±0.7","±0.9","±0.5","±0.2","±0.2","","±0.2","±0.2","±0.6","","±0.6","","±0.6","","±0.2","±0.6","±0.4","±0.3","±0.2","","(X)"
"    Employed","","","","","","","","","","","","","","","","","","","","","","","","","","","","","","","","","","","","",""
"        Estimate","62.8%","","28.3%","62.9%","79.0%","79.9%","66.6%","30.2%","6.9%","","62.8%","63.1%","60.4%","59.7%","65.5%","63.7%","74.5%","62.5%","71.8%","62.6%","74.9%","","77.6%","72.4%","67.1%","","35.0%","","39.5%","","76.4%","56.8%","69.5%","76.6%","85.3%","","(X)"
"        Margin of Error","±0.2","","±0.5","±0.7","±0.2","±0.3","±0.4","±0.4","±0.3","","±0.2","±0.2","±0.3","±2.4","±0.7","±8.2","±0.8","±1.0","±0.6","±0.2","±0.2","","±0.2","±0.3","±0.7","","±0.6","","±0.7","","±0.2","±0.6","±0.4","±0.3","±0.2","","(X)"
"    Unemployment rate","","","","","","","","","","","","","","","","","","","","","","","","","","","","","","","","","","","","",""
"        Estimate","8.0%","","25.6%","15.1%","7.4%","5.8%","5.6%","5.3%","5.3%","","8.0%","6.1%","12.4%","10.7%","5.2%","4.1%","8.0%","10.6%","7.7%","6.0%","7.5%","","7.8%","7.1%","9.1%","","33.8%","","17.3%","","6.6%","14.0%","9.5%","7.0%","3.4%","","(X)"
"        Margin of Error","±0.1","","±0.9","±0.5","±0.2","±0.2","±0.2","±0.4","±0.8","","±0.1","±0.1","±0.2","±2.2","±0.4","±4.1","±0.8","±0.9","±0.5","±0.1","±0.1","","±0.2","±0.1","±0.4","","±0.8","","±0.7","","±0.1","±0.6","±0.2","±0.2","±0.1","","(X)"
"Massachusetts","","","","","","","","","","","","","","","","","","","","","","","","","","","","","","","","","","","","",""
"    Total","","","","","","","","","","","","","","","","","","","","","","","","","","","","","","","","","","","","",""
"        Estimate","5,427,407","","383,193","482,868","1,749,783","1,003,088","849,875","509,204","449,396","","5,309,073","4,425,983","356,972","10,787","310,044","1,350","203,937","118,334","483,600","4,190,794","4,085,614","","1,998,067","2,087,547","295,431","","426,306","","361,759","","3,602,746","301,584","848,090","898,737","1,554,335","","7.1%"
"        Margin of Error","±1,764","","±1,845","±879","±599","±349","±302","±373","±316","","±3,270","±4,852","±2,775","±840","±1,491","±248","±4,714","±3,024","±681","±2,051","±1,000","","±484","±822","±3,501","","±6,063","","±5,450","","±631","±4,389","±7,227","±5,867","±8,693","","(X)"
"    In labor force","","","","","","","","","","","","","","","","","","","","","","","","","","","","","","","","","","","","",""
"        Estimate","67.6%","","43.6%","74.4%","85.5%","84.1%","71.8%","31.9%","6.7%","","67.5%","67.6%","68.7%","63.2%","67.4%","72.5%","65.4%","69.2%","66.3%","67.6%","81.0%","","84.6%","77.5%","72.6%","","49.0%","","42.0%","","81.8%","59.5%","77.7%","82.7%","87.9%","","(X)"
"        Margin of Error","±0.1","","±0.6","±0.4","±0.2","±0.2","±0.3","±0.4","±0.3","","±0.1","±0.2","±0.5","±3.0","±0.6","±10.3","±1.0","±1.0","±0.5","±0.2","±0.1","","±0.2","±0.2","±0.5","","±0.6","","±0.6","","±0.1","±0.6","±0.4","±0.3","±0.2","","(X)"
"    Employed","","","","","","","","","","","","","","","","","","","","","","","","","","","","","","","","","","","","",""
"        Estimate","61.8%","","33.5%","64.6%","78.8%","78.2%","67.0%","29.8%","6.3%","","61.8%","62.4%","58.6%","51.6%","62.1%","63.0%","55.9%","61.2%","57.0%","62.6%","74.5%","","77.3%","71.9%","66.1%","","33.3%","","34.0%","","75.9%","50.5%","69.6%","76.1%","84.1%","","(X)"
"        Margin of Error","±0.1","","±0.6","±0.5","±0.2","±0.3","±0.4","±0.4","±0.2","","±0.1","±0.2","±0.6","±3.4","±0.7","±11.9","±0.8","±0.9","±0.5","±0.2","±0.2","","±0.2","±0.2","±0.6","","±0.6","","±0.5","","±0.2","±0.6","±0.3","±0.3","±0.2","","(X)"
"    Unemployment rate","","","","","","","","","","","","","","","","","","","","","","","","","","","","","","","","","","","","",""
"        Estimate","8.4%","","23.1%","12.9%","7.6%","6.9%","6.6%","6.5%","5.8%","","8.4%","7.6%","14.6%","18.0%","7.8%","13.1%","14.5%","11.5%","14.0%","7.3%","7.8%","","8.5%","7.1%","8.9%","","32.1%","","19.1%","","7.2%","15.2%","10.4%","7.9%","4.2%","","(X)"
"        Margin of Error","±0.1","","±0.7","±0.4","±0.2","±0.2","±0.2","±0.4","±0.9","","±0.1","±0.1","±0.5","±3.3","±0.5","±9.6","±0.7","±0.8","±0.5","±0.1","±0.1","","±0.2","±0.2","±0.4","","±0.8","","±0.6","","±0.1","±0.6","±0.3","±0.2","±0.1","","(X)"
"Michigan","","","","","","","","","","","","","","","","","","","","","","","","","","","","","","","","","","","","",""
"    Total","","","","","","","","","","","","","","","","","","","","","","","","","","","","","","","","","","","","",""
"        Estimate","7,893,971","","567,868","706,269","2,403,889","1,452,255","1,321,610","795,071","647,009","","7,756,091","6,375,078","1,060,803","42,374","201,095","1,569","75,172","137,880","299,282","6,175,041","5,884,023","","2,912,220","2,971,803","437,279","","926,312","","720,235","","5,177,754","456,949","1,457,967","1,807,541","1,455,297","","6.0%"
"        Margin of Error","±2,211","","±2,309","±853","±1,206","±882","±466","±476","±403","","±3,858","±2,726","±2,595","±1,120","±1,391","±230","±2,067","±3,056","±500","±1,849","±962","","±840","±700","±4,467","","±8,156","","±5,816","","±1,084","±4,899","±8,409","±7,090","±9,550","","(X)"
"    In labor force","","","","","","","","","","","","","","","","","","","","","","","","","","","","","","","","","","","","",""
"        Estimate","61.5%","","41.1%","75.7%","82.0%","79.2%","58.5%","19.9%","4.7%","","61.5%","62.1%","56.8%","57.4%","63.8%","65.5%","68.3%","60.7%","67.5%","61.9%","75.3%","","79.0%","71.7%","70.1%","","54.5%","","37.5%","","75.2%","53.5%","69.2%","77.5%","85.2%","","(X)"
"        Margin of Error","±0.1","","±0.5","±0.4","±0.2","±0.2","±0.2","±0.2","±0.1","","±0.1","±0.1","±0.3","±1.5","±0.6","±6.9","±1.2","±0.8","±0.5","±0.1","±0.1","","±0.2","±0.2","±0.4","","±0.4","","±0.3","","±0.1","±0.5","±0.2","±0.2","±0.1","","(X)"
"    Employed","","","","","","","","","","","","","","","","","","","","","","","","","","","","","","","","","","","","",""
"        Estimate","54.4%","","28.8%","62.5%","72.9%","72.2%","53.8%","18.4%","4.4%","","54.5%","56.1%","43.8%","47.9%","59.4%","57.1%","58.5%","49.4%","57.8%","56.0%","67.2%","","69.8%","64.7%","61.1%","","35.4%","","29.4%","","67.9%","41.5%","60.1%","70.0%","81.2%","","(X)"
"        Margin of Error","±0.1","","±0.4","±0.5","±0.2","±0.3","±0.3","±0.2","±0.1","","±0.1","±0.1","±0.4","±1.5","±0.6","±7.9","±1.2","±0.8","±0.6","±0.1","±0.1","","±0.2","±0.2","±0.4","","±0.4","","±0.3","","±0.2","±0.5","±0.2","±0.2","±0.2","","(X)"
"    Unemployment rate","","","","","","","","","","","","","","","","","","","","","","","","","","","","","","","","","","","","",""
"        Estimate","11.4%","","29.9%","17.4%","11.0%","8.7%","8.0%","7.7%","6.5%","","11.3%","9.6%","22.9%","16.6%","6.9%","12.8%","14.2%","18.5%","14.2%","9.5%","10.6%","","11.5%","9.7%","12.8%","","35.1%","","21.5%","","9.7%","22.3%","13.2%","9.6%","4.5%","","(X)"
"        Margin of Error","±0.1","","±0.6","±0.4","±0.2","±0.2","±0.2","±0.4","±0.8","","±0.1","±0.1","±0.5","±1.3","±0.5","±7.2","±1.1","±1.0","±0.6","±0.1","±0.1","","±0.2","±0.1","±0.3","","±0.5","","±0.5","","±0.1","±0.7","±0.2","±0.1","±0.1","","(X)"
"Minnesota","","","","","","","","","","","","","","","","","","","","","","","","","","","","","","","","","","","","",""
"    Total","","","","","","","","","","","","","","","","","","","","","","","","","","","","","","","","","","","","",""
"        Estimate","4,247,699","","291,355","357,116","1,406,493","785,286","677,067","392,161","338,221","","4,180,484","3,713,772","201,931","40,602","170,383","1,708","52,088","67,215","167,486","3,608,945","3,225,962","","1,621,906","1,604,056","269,128","","340,959","","268,391","","2,868,846","176,721","672,953","999,438","1,019,734","","5.2%"
"        Margin of Error","±1,131","","±1,259","±821","±1,182","±777","±495","±390","±345","","±2,306","±2,130","±1,123","±903","±1,181","±250","±1,957","±1,930","±354","±1,202","±806","","±632","±641","±3,211","","±3,996","","±3,492","","±905","±2,529","±5,753","±5,289","±7,359","","(X)"
"    In labor force","","","","","","","","","","","","","","","","","","","","","","","","","","","","","","","","","","","","",""
"        Estimate","70.1%","","51.1%","81.8%","88.1%","87.3%","71.8%","26.6%","5.9%","","70.1%","70.2%","68.0%","59.4%","70.5%","80.7%","76.2%","69.5%","75.0%","70.1%","83.8%","","86.9%","80.7%","77.0%","","58.8%","","51.0%","","84.0%","65.8%","79.1%","85.3%","89.2%","","(X)"
"        Margin of Error","±0.1","","±0.6","±0.5","±0.2","±0.2","±0.3","±0.4","±0.2","","±0.1","±0.1","±0.9","±1.5","±0.6","±5.1","±1.2","±1.2","±0.7","±0.1","±0.1","","±0.2","±0.2","±0.5","","±0.6","","±0.6","","±0.1","±0.8","±0.3","±0.2","±0.2","","(X)"
"    Employed","","","","","","","","","","","","","","","","","","","","","","","","","","","","","","","","","","","","",""
"        Estimate","65.5%","","41.5%","73.4%","82.9%","82.9%","68.3%","25.5%","5.7%","","65.6%","66.2%","56.9%","49.0%","65.3%","73.1%","67.8%","60.3%","67.4%","66.2%","78.8%","","81.1%","76.5%","72.1%","","44.6%","","43.9%","","79.5%","57.2%","73.4%","80.4%","86.4%","","(X)"
"        Margin of Error","±0.1","","±0.5","±0.6","±0.2","±0.2","±0.3","±0.4","±0.2","","±0.1","±0.1","±0.9","±1.5","±0.7","±6.8","±1.4","±1.4","±0.8","±0.1","±0.1","","±0.2","±0.2","±0.6","","±0.6","","±0.5","","±0.1","±0.8","±0.3","±0.2","±0.2","","(X)"
"    Unemployment rate","","","","","","","","","","","","","","","","","","","","","","","","","","","","","","","","","","","","",""
"        Estimate","6.5%","","18.7%","10.2%","5.8%","5.0%","4.9%","4.1%","3.5%","","6.3%","5.6%","16.4%","17.4%","7.2%","7.9%","11.0%","13.2%","10.1%","5.5%","5.9%","","6.5%","5.2%","6.4%","","24.1%","","14.0%","","5.4%","13.1%","7.3%","5.6%","3.1%","","(X)"
"        Margin of Error","±0.1","","±0.7","±0.4","±0.1","±0.1","±0.2","±0.3","±0.6","","±0.1","±0.1","±0.7","±1.5","±0.6","±4.9","±1.2","±1.1","±0.7","±0.1","±0.1","","±0.1","±0.1","±0.3","","±0.7","","±0.6","","±0.1","±0.7","±0.2","±0.2","±0.1","","(X)"
"Mississippi","","","","","","","","","","","","","","","","","","","","","","","","","","","","","","","","","","","","",""
"    Total","","","","","","","","","","","","","","","","","","","","","","","","","","","","","","","","","","","","",""
"        Estimate","2,323,223","","171,598","222,034","760,260","402,804","363,359","231,320","171,848","","2,306,398","1,427,741","827,586","9,222","22,623","309","18,917","16,825","58,354","1,393,238","1,748,457","","852,310","896,147","146,586","","342,778","","261,947","","1,526,423","236,750","452,900","513,328","323,445","","6.1%"
"        Margin of Error","±1,461","","±1,812","±1,540","±1,476","±988","±561","±571","±515","","±1,588","±1,745","±1,697","±530","±717","±110","±1,579","±1,071","±879","±916","±1,193","","±983","±869","±2,432","","±4,899","","±3,160","","±1,291","±3,530","±4,295","±4,296","±4,462","","(X)"
"    In labor force","","","","","","","","","","","","","","","","","","","","","","","","","","","","","","","","","","","","",""
"        Estimate","58.4%","","31.6%","67.0%","78.5%","73.5%","55.5%","21.5%","5.7%","","58.4%","58.8%","57.5%","61.8%","66.8%","76.4%","62.3%","54.4%","63.2%","58.6%","71.1%","","75.0%","67.4%","70.5%","","49.7%","","34.2%","","71.7%","49.8%","67.9%","77.1%","84.5%","","(X)"
"        Margin of Error","±0.2","","±0.9","±0.7","±0.4","±0.5","±0.6","±0.6","±0.4","","±0.2","±0.3","±0.4","±3.6","±2.3","±13.8","±3.2","±2.6","±1.6","±0.3","±0.3","","±0.3","±0.3","±0.9","","±0.7","","±0.8","","±0.3","±0.9","±0.5","±0.4","±0.5","","(X)"
"    Employed","","","","","","","","","","","","","","","","","","","","","","","","","","","","","","","","","","","","",""
"        Estimate","51.6%","","19.6%","50.9%","69.7%","68.4%","52.3%","20.5%","5.5%","","51.7%","53.7%","47.7%","49.3%","62.3%","65.4%","56.2%","44.6%","55.0%","53.7%","63.4%","","66.6%","60.4%","60.4%","","33.3%","","27.7%","","65.2%","40.6%","60.7%","70.6%","80.9%","","(X)"
"        Margin of Error","±0.2","","±0.9","±0.9","±0.4","±0.6","±0.6","±0.6","±0.4","","±0.2","±0.3","±0.4","±3.6","±2.4","±15.6","±3.3","±2.6","±1.5","±0.3","±0.3","","±0.4","±0.3","±1.0","","±0.6","","±0.7","","±0.3","±0.8","±0.5","±0.4","±0.5","","(X)"
"    Unemployment rate","","","","","","","","","","","","","","","","","","","","","","","","","","","","","","","","","","","","",""
"        Estimate","10.9%","","36.4%","22.2%","10.4%","6.7%","5.7%","4.6%","5.0%","","10.9%","7.6%","16.8%","20.1%","5.8%","11.0%","9.0%","13.0%","10.1%","7.6%","10.1%","","10.1%","10.2%","14.0%","","32.8%","","18.8%","","8.5%","18.5%","10.3%","7.7%","3.4%","","(X)"
"        Margin of Error","±0.2","","±1.7","±0.9","±0.3","±0.3","±0.4","±0.6","±1.4","","±0.2","±0.2","±0.4","±3.7","±1.4","±11.9","±2.5","±2.2","±1.2","±0.2","±0.2","","±0.3","±0.3","±0.9","","±0.8","","±0.9","","±0.2","±0.9","±0.4","±0.3","±0.2","","(X)"
"Missouri","","","","","","","","","","","","","","","","","","","","","","","","","","","","","","","","","","","","",""
"    Total","","","","","","","","","","","","","","","","","","","","","","","","","","","","","","","","","","","","",""
"        Estimate","4,781,853","","328,317","424,606","1,528,071","854,632","763,675","486,203","396,349","","4,701,481","4,025,890","527,055","19,656","81,748","4,112","43,020","80,372","149,154","3,931,935","3,570,984","","1,764,714","1,806,270","285,759","","510,024","","443,233","","3,146,378","312,929","923,867","1,002,430","907,152","","6.1%"
"        Margin of Error","±1,710","","±1,926","±1,172","±1,383","±1,044","±615","±595","±521","","±2,646","±2,422","±1,705","±844","±1,021","±379","±1,748","±2,029","±403","±1,569","±1,139","","±920","±1,048","±3,633","","±6,176","","±5,430","","±1,236","±4,142","±6,823","±5,697","±7,671","","(X)"
"    In labor force","","","","","","","","","","","","","","","","","","","","","","","","","","","","","","","","","","","","",""
"        Estimate","63.9%","","44.7%","77.1%","83.3%","80.0%","63.1%","24.3%","6.0%","","63.9%","63.9%","62.8%","59.0%","66.3%","71.1%","71.3%","63.2%","70.4%","63.8%","77.5%","","81.2%","73.8%","71.5%","","53.0%","","40.4%","","77.5%","55.6%","73.6%","79.6%","86.7%","","(X)"
"        Margin of Error","±0.1","","±0.6","±0.6","±0.2","±0.3","±0.3","±0.4","±0.2","","±0.1","±0.1","±0.5","±2.1","±1.2","±5.3","±1.9","±1.0","±0.9","±0.1","±0.2","","±0.2","±0.2","±0.6","","±0.6","","±0.5","","±0.1","±0.6","±0.3","±0.3","±0.3","","(X)"
"    Employed","","","","","","","","","","","","","","","","","","","","","","","","","","","","","","","","","","","","",""
"        Estimate","58.1%","","33.3%","65.5%","76.2%","74.7%","59.4%","23.1%","5.7%","","58.2%","59.0%","51.6%","50.4%","62.9%","59.0%","62.1%","53.9%","62.2%","58.9%","71.0%","","73.7%","68.4%","64.6%","","37.6%","","33.1%","","71.8%","46.7%","66.7%","73.4%","83.7%","","(X)"
"        Margin of Error","±0.2","","±0.5","±0.6","±0.2","±0.3","±0.4","±0.4","±0.2","","±0.2","±0.2","±0.6","±1.9","±1.2","±6.1","±1.9","±1.2","±1.0","±0.2","±0.2","","±0.3","±0.2","±0.6","","±0.5","","±0.5","","±0.2","±0.6","±0.3","±0.3","±0.3","","(X)"
"    Unemployment rate","","","","","","","","","","","","","","","","","","","","","","","","","","","","","","","","","","","","",""
"        Estimate","8.4%","","23.3%","13.5%","7.8%","6.5%","5.8%","4.8%","4.9%","","8.3%","7.2%","17.2%","13.1%","4.5%","12.2%","10.7%","12.9%","9.1%","7.2%","7.8%","","8.4%","7.2%","9.4%","","29.0%","","17.8%","","7.0%","16.0%","9.1%","7.2%","3.1%","","(X)"
"        Margin of Error","±0.1","","±0.7","±0.5","±0.2","±0.2","±0.2","±0.3","±0.8","","±0.1","±0.1","±0.5","±1.9","±0.7","±4.6","±1.4","±1.1","±0.7","±0.1","±0.1","","±0.2","±0.2","±0.4","","±0.7","","±0.5","","±0.1","±0.6","±0.3","±0.2","±0.2","","(X)"
"Montana","","","","","","","","","","","","","","","","","","","","","","","","","","","","","","","","","","","","",""
"    Total","","","","","","","","","","","","","","","","","","","","","","","","","","","","","","","","","","","","",""
"        Estimate","807,917","","52,786","71,171","239,063","139,916","146,797","89,502","68,682","","793,360","735,662","3,332","44,535","5,696","616","3,519","14,557","21,059","720,749","596,947","","301,938","295,009","46,089","","87,847","","65,467","","525,776","31,983","148,454","186,206","159,133","","5.7%"
"        Margin of Error","±609","","±773","±582","±801","±504","±353","±240","±208","","±889","±757","±289","±585","±377","±185","±480","±758","±264","±508","±696","","±633","±505","±1,163","","±2,225","","±1,529","","±673","±1,311","±2,164","±2,083","±2,456","","(X)"
"    In labor force","","","","","","","","","","","","","","","","","","","","","","","","","","","","","","","","","","","","",""
"        Estimate","64.3%","","45.7%","76.8%","83.9%","82.1%","65.5%","27.7%","7.0%","","64.4%","64.8%","73.4%","57.1%","55.6%","63.6%","68.4%","63.0%","67.1%","64.8%","78.1%","","82.1%","73.9%","68.2%","","56.0%","","47.3%","","78.3%","57.8%","74.8%","78.4%","85.4%","","(X)"
"        Margin of Error","±0.3","","±1.5","±1.2","±0.4","±0.6","±0.9","±0.8","±0.6","","±0.3","±0.4","±6.0","±1.2","±4.5","±14.6","±4.3","±2.8","±1.9","±0.4","±0.4","","±0.5","±0.5","±1.2","","±1.1","","±1.3","","±0.4","±1.7","±0.8","±0.7","±0.6","","(X)"
"    Employed","","","","","","","","","","","","","","","","","","","","","","","","","","","","","","","","","","","","",""
"        Estimate","59.6%","","36.0%","66.0%","78.2%","77.5%","62.1%","26.8%","6.7%","","59.6%","60.6%","60.6%","45.0%","51.9%","54.4%","61.5%","55.7%","59.3%","60.6%","72.6%","","75.4%","69.8%","64.0%","","44.0%","","41.2%","","73.5%","50.8%","69.4%","73.3%","82.2%","","(X)"
"        Margin of Error","±0.4","","±1.4","±1.2","±0.5","±0.7","±0.9","±0.8","±0.6","","±0.4","±0.4","±7.3","±1.3","±4.8","±13.8","±5.1","±3.0","±2.1","±0.4","±0.4","","±0.6","±0.5","±1.3","","±1.1","","±1.4","","±0.4","±1.7","±0.8","±0.7","±0.6","","(X)"
"    Unemployment rate","","","","","","","","","","","","","","","","","","","","","","","","","","","","","","","","","","","","",""
"        Estimate","6.8%","","20.7%","12.0%","5.9%","5.4%","5.2%","3.1%","4.7%","","6.8%","6.0%","7.3%","20.8%","4.4%","14.5%","9.0%","10.6%","10.2%","5.9%","6.3%","","7.3%","5.3%","5.8%","","21.4%","","12.8%","","5.6%","12.0%","7.1%","5.9%","3.2%","","(X)"
"        Margin of Error","±0.2","","±1.7","±1.2","±0.3","±0.5","±0.5","±0.6","±2.0","","±0.2","±0.3","±3.4","±1.6","±2.2","±12.8","±4.2","±2.4","±2.1","±0.3","±0.3","","±0.4","±0.4","±0.8","","±1.4","","±1.3","","±0.2","±1.3","±0.5","±0.4","±0.3","","(X)"
"Nebraska","","","","","","","","","","","","","","","","","","","","","","","","","","","","","","","","","","","","",""
"    Total","","","","","","","","","","","","","","","","","","","","","","","","","","","","","","","","","","","","",""
"        Estimate","1,442,692","","103,696","133,767","472,308","248,909","226,349","133,009","124,654","","1,421,870","1,295,568","61,577","10,986","27,735","903","25,101","20,822","113,518","1,213,687","1,081,333","","544,827","536,506","96,858","","124,670","","95,680","","947,566","80,412","230,235","337,432","299,487","","5.6%"
"        Margin of Error","±925","","±1,042","±528","±548","±482","±333","±332","±327","","±1,319","±1,577","±747","±534","±490","±190","±1,359","±1,021","±335","±710","±704","","±536","±645","±1,563","","±2,348","","±1,974","","±548","±1,975","±2,878","±2,746","±3,187","","(X)"
"    In labor force","","","","","","","","","","","","","","","","","","","","","","","","","","","","","","","","","","","","",""
"        Estimate","70.5%","","52.0%","82.9%","87.5%","86.7%","74.1%","33.9%","8.2%","","70.5%","70.6%","67.7%","61.5%","67.9%","76.1%","75.4%","72.5%","74.0%","70.4%","83.9%","","87.9%","79.9%","75.7%","","61.8%","","51.2%","","84.1%","69.9%","80.2%","85.4%","89.3%","","(X)"
"        Margin of Error","±0.2","","±0.9","±0.8","±0.3","±0.4","±0.4","±0.7","±0.4","","±0.2","±0.2","±1.3","±2.1","±1.8","±8.4","±1.7","±2.0","±0.9","±0.2","±0.2","","±0.3","±0.4","±0.9","","±0.9","","±0.9","","±0.2","±1.0","±0.4","±0.4","±0.3","","(X)"
"    Employed","","","","","","","","","","","","","","","","","","","","","","","","","","","","","","","","","","","","",""
"        Estimate","66.4%","","42.6%","74.3%","82.7%","83.1%","71.9%","32.9%","8.1%","","66.4%","67.0%","57.6%","48.5%","64.4%","67.7%","68.7%","64.3%","66.4%","67.0%","79.5%","","82.8%","76.2%","70.8%","","48.4%","","45.2%","","80.2%","62.6%","75.8%","81.5%","86.9%","","(X)"
"        Margin of Error","±0.2","","±0.9","±0.9","±0.3","±0.4","±0.4","±0.7","±0.4","","±0.2","±0.2","±1.4","±2.9","±1.9","±11.3","±1.7","±2.5","±1.0","±0.2","±0.2","","±0.3","±0.4","±1.0","","±0.8","","±0.8","","±0.2","±1.2","±0.4","±0.4","±0.4","","(X)"
"    Unemployment rate","","","","","","","","","","","","","","","","","","","","","","","","","","","","","","","","","","","","",""
"        Estimate","5.4%","","18.1%","9.5%","4.8%","3.9%","3.1%","2.9%","1.8%","","5.3%","4.7%","14.5%","21.0%","5.0%","8.0%","8.3%","10.5%","9.8%","4.4%","4.8%","","5.0%","4.6%","6.2%","","21.7%","","11.7%","","4.2%","10.4%","5.4%","4.1%","2.1%","","(X)"
"        Margin of Error","±0.2","","±1.1","±0.7","±0.2","±0.3","±0.2","±0.5","±0.8","","±0.2","±0.1","±1.3","±3.9","±1.1","±6.3","±1.5","±1.7","±0.8","±0.1","±0.2","","±0.2","±0.2","±0.6","","±1.1","","±0.7","","±0.1","±0.9","±0.3","±0.2","±0.2","","(X)"
"Nevada","","","","","","","","","","","","","","","","","","","","","","","","","","","","","","","","","","","","",""
"    Total","","","","","","","","","","","","","","","","","","","","","","","","","","","","","","","","","","","","",""
"        Estimate","2,175,721","","141,688","186,113","775,023","379,300","331,414","223,343","138,840","","2,110,240","1,562,654","176,056","23,504","174,583","13,106","160,337","65,481","515,288","1,233,135","1,671,850","","846,848","825,002","131,361","","233,436","","172,764","","1,485,737","220,401","419,598","510,675","335,063","","5.9%"
"        Margin of Error","±1,168","","±1,179","±514","±584","±523","±277","±350","±329","","±2,719","±5,039","±1,793","±772","±1,495","±446","±4,584","±2,380","±665","±863","±563","","±438","±413","±2,515","","±4,977","","±2,680","","±491","±3,438","±4,708","±5,289","±4,484","","(X)"
"    In labor force","","","","","","","","","","","","","","","","","","","","","","","","","","","","","","","","","","","","",""
"        Estimate","65.1%","","36.1%","77.6%","82.7%","80.3%","63.6%","24.3%","7.0%","","65.0%","64.4%","63.8%","60.5%","65.7%","72.7%","71.7%","67.1%","71.4%","62.5%","77.8%","","83.1%","72.4%","66.4%","","55.9%","","47.7%","","77.8%","68.9%","76.3%","79.0%","83.9%","","(X)"
"        Margin of Error","±0.2","","±1.0","±0.9","±0.4","±0.5","±0.5","±0.5","±0.4","","±0.2","±0.3","±0.7","±2.3","±0.9","±2.1","±0.9","±1.2","±0.5","±0.3","±0.2","","±0.3","±0.4","±0.9","","±0.8","","±0.8","","±0.2","±0.7","±0.5","±0.4","±0.5","","(X)"
"    Employed","","","","","","","","","","","","","","","","","","","","","","","","","","","","","","","","","","","","",""
"        Estimate","57.0%","","24.6%","63.2%","73.4%","71.9%","57.3%","21.6%","5.9%","","57.0%","56.8%","51.8%","48.0%","59.6%","60.2%","63.2%","56.3%","62.2%","55.4%","68.7%","","72.6%","64.8%","58.2%","","36.5%","","38.6%","","69.4%","58.8%","66.7%","70.4%","78.4%","","(X)"
"        Margin of Error","±0.2","","±0.9","±1.0","±0.5","±0.5","±0.6","±0.5","±0.4","","±0.2","±0.3","±0.9","±2.3","±1.0","±3.4","±0.9","±1.5","±0.4","±0.3","±0.3","","±0.4","±0.4","±0.8","","±0.8","","±0.8","","±0.3","±0.8","±0.6","±0.5","±0.5","","(X)"
"    Unemployment rate","","","","","","","","","","","","","","","","","","","","","","","","","","","","","","","","","","","","",""
"        Estimate","11.8%","","31.6%","17.2%","10.4%","10.3%","9.9%","11.1%","14.8%","","11.7%","11.2%","18.2%","20.0%","9.0%","16.4%","11.6%","15.0%","12.5%","10.7%","11.0%","","11.7%","10.3%","12.2%","","34.5%","","18.8%","","10.3%","14.7%","12.4%","10.1%","5.7%","","(X)"
"        Margin of Error","±0.2","","±1.6","±0.9","±0.3","±0.4","±0.5","±0.9","±2.3","","±0.2","±0.2","±1.1","±2.0","±0.7","±3.6","±0.7","±1.3","±0.5","±0.3","±0.2","","±0.3","±0.3","±0.8","","±1.1","","±1.0","","±0.2","±0.7","±0.5","±0.4","±0.3","","(X)"
"New Hampshire","","","","","","","","","","","","","","","","","","","","","","","","","","","","","","","","","","","","",""
"    Total","","","","","","","","","","","","","","","","","","","","","","","","","","","","","","","","","","","","",""
"        Estimate","1,080,795","","75,299","86,463","316,968","218,547","189,634","109,886","83,998","","1,066,921","1,023,073","12,278","2,068","23,532","243","5,727","13,874","27,592","1,003,398","811,612","","404,765","406,847","53,217","","67,454","","77,708","","725,149","45,420","199,814","217,877","262,038","","5.0%"
"        Margin of Error","±742","","±867","±591","±581","±393","±318","±245","±208","","±981","±1,065","±635","±281","±492","±120","±675","±787","±209","±735","±568","","±484","±537","±1,211","","±2,070","","±2,138","","±557","±1,709","±2,923","±2,753","±3,637","","(X)"
"    In labor force","","","","","","","","","","","","","","","","","","","","","","","","","","","","","","","","","","","","",""
"        Estimate","68.7%","","48.9%","79.2%","85.8%","85.9%","73.2%","30.5%","6.6%","","68.8%","68.7%","70.8%","63.7%","68.9%","84.0%","73.1%","65.7%","72.4%","68.6%","82.2%","","86.4%","77.9%","70.9%","","51.7%","","46.7%","","82.5%","63.3%","79.4%","83.7%","87.3%","","(X)"
"        Margin of Error","±0.2","","±1.2","±1.2","±0.4","±0.6","±0.7","±0.8","±0.6","","±0.2","±0.3","±3.3","±5.8","±2.3","±13.9","±4.2","±2.6","±1.9","±0.3","±0.3","","±0.4","±0.4","±1.4","","±1.5","","±1.3","","±0.3","±1.5","±0.6","±0.5","±0.4","","(X)"
"    Employed","","","","","","","","","","","","","","","","","","","","","","","","","","","","","","","","","","","","",""
"        Estimate","64.1%","","38.6%","70.0%","80.9%","81.5%","69.6%","28.9%","6.3%","","64.2%","64.2%","64.6%","57.6%","63.5%","84.0%","66.2%","57.4%","63.5%","64.2%","77.3%","","80.8%","73.8%","66.8%","","36.6%","","39.8%","","78.1%","55.3%","74.2%","78.8%","84.6%","","(X)"
"        Margin of Error","±0.3","","±1.2","±1.3","±0.5","±0.7","±0.7","±0.8","±0.6","","±0.3","±0.3","±3.5","±6.7","±2.5","±13.9","±4.4","±2.9","±1.8","±0.3","±0.3","","±0.4","±0.5","±1.3","","±1.2","","±1.2","","±0.4","±1.6","±0.7","±0.6","±0.4","","(X)"
"    Unemployment rate","","","","","","","","","","","","","","","","","","","","","","","","","","","","","","","","","","","","",""
"        Estimate","6.5%","","20.8%","10.9%","5.5%","5.0%","4.8%","5.1%","4.3%","","6.4%","6.3%","8.4%","9.3%","7.5%","0.0%","9.3%","11.9%","12.1%","6.2%","5.8%","","6.2%","5.3%","5.8%","","29.2%","","14.9%","","5.2%","12.8%","6.5%","5.7%","3.0%","","(X)"
"        Margin of Error","±0.2","","±1.4","±0.8","±0.3","±0.4","±0.4","±0.8","±1.5","","±0.2","±0.2","±2.1","±5.8","±1.9","±12.6","±3.1","±2.7","±1.6","±0.2","±0.2","","±0.3","±0.3","±0.7","","±1.7","","±1.3","","±0.2","±1.5","±0.5","±0.5","±0.2","","(X)"
"New Jersey","","","","","","","","","","","","","","","","","","","","","","","","","","","","","","","","","","","","",""
"    Total","","","","","","","","","","","","","","","","","","","","","","","","","","","","","","","","","","","","",""
"        Estimate","7,080,181","","468,758","558,802","2,333,287","1,363,844","1,106,226","669,942","579,322","","6,948,698","4,965,614","936,009","14,339","617,114","2,134","413,488","131,483","1,216,669","4,248,085","5,362,159","","2,642,345","2,719,814","415,742","","500,360","","410,087","","4,803,357","449,826","1,282,656","1,186,066","1,884,809","","6.6%"
"        Margin of Error","±1,691","","±1,671","±492","±468","±418","±261","±295","±256","","±3,779","±6,813","±3,329","±1,028","±2,045","±441","±7,391","±3,518","±875","±2,106","±479","","±444","±481","±4,246","","±6,568","","±5,164","","±496","±5,237","±9,654","±6,506","±10,586","","(X)"
"    In labor force","","","","","","","","","","","","","","","","","","","","","","","","","","","","","","","","","","","","",""
"        Estimate","66.3%","","34.1%","71.9%","84.1%","83.8%","70.5%","31.0%","6.9%","","66.3%","65.6%","65.0%","63.7%","68.2%","71.6%","73.5%","69.4%","70.5%","65.1%","80.0%","","85.2%","74.9%","68.6%","","52.5%","","45.6%","","80.9%","65.8%","76.7%","82.4%","86.4%","","(X)"
"        Margin of Error","±0.1","","±0.5","±0.5","±0.2","±0.2","±0.3","±0.3","±0.2","","±0.1","±0.1","±0.3","±3.2","±0.4","±8.6","±0.6","±0.8","±0.3","±0.1","±0.1","","±0.2","±0.2","±0.5","","±0.5","","±0.5","","±0.1","±0.5","±0.3","±0.3","±0.2","","(X)"
"    Employed","","","","","","","","","","","","","","","","","","","","","","","","","","","","","","","","","","","","",""
"        Estimate","59.8%","","25.1%","60.0%","76.4%","77.4%","65.0%","28.3%","6.4%","","59.8%","60.0%","54.3%","53.6%","63.7%","65.3%","65.1%","59.7%","62.7%","59.6%","72.6%","","77.2%","68.0%","60.9%","","34.5%","","37.1%","","74.0%","56.3%","68.1%","74.5%","82.0%","","(X)"
"        Margin of Error","±0.1","","±0.5","±0.6","±0.2","±0.3","±0.3","±0.3","±0.2","","±0.1","±0.2","±0.4","±2.8","±0.4","±9.1","±0.7","±1.0","±0.3","±0.1","±0.2","","±0.2","±0.2","±0.5","","±0.5","","±0.5","","±0.1","±0.6","±0.3","±0.3","±0.2","","(X)"
"    Unemployment rate","","","","","","","","","","","","","","","","","","","","","","","","","","","","","","","","","","","","",""
"        Estimate","9.7%","","26.3%","16.2%","9.0%","7.7%","7.8%","8.7%","7.6%","","9.6%","8.5%","16.3%","15.5%","6.6%","6.9%","11.3%","13.7%","10.9%","8.2%","9.1%","","9.1%","9.1%","11.1%","","34.2%","","18.6%","","8.4%","14.3%","11.2%","9.3%","5.0%","","(X)"
"        Margin of Error","±0.1","","±0.8","±0.4","±0.1","±0.2","±0.2","±0.3","±0.8","","±0.1","±0.1","±0.4","±3.1","±0.3","±4.3","±0.5","±0.9","±0.3","±0.1","±0.1","","±0.1","±0.1","±0.4","","±0.7","","±0.6","","±0.1","±0.6","±0.2","±0.2","±0.1","","(X)"
"New Mexico","","","","","","","","","","","","","","","","","","","","","","","","","","","","","","","","","","","","",""
"    Total","","","","","","","","","","","","","","","","","","","","","","","","","","","","","","","","","","","","",""
"        Estimate","1,625,155","","115,128","150,014","520,964","277,343","266,439","170,263","125,004","","1,586,527","1,215,271","32,585","140,379","23,790","1,008","173,494","38,628","709,140","708,415","1,214,760","","604,552","610,208","98,908","","225,408","","151,962","","1,064,746","154,355","278,588","356,354","275,449","","5.9%"
"        Margin of Error","±1,034","","±1,301","±846","±912","±657","±445","±379","±316","","±1,839","±3,312","±806","±1,256","±659","±175","±3,573","±1,577","±781","±691","±934","","±571","±630","±2,151","","±4,436","","±3,160","","±781","±2,995","±3,256","±3,773","±3,449","","(X)"
"    In labor force","","","","","","","","","","","","","","","","","","","","","","","","","","","","","","","","","","","","",""
"        Estimate","60.2%","","37.2%","72.2%","78.2%","76.3%","59.5%","24.2%","6.2%","","60.1%","60.3%","61.7%","54.5%","66.4%","61.8%","62.2%","62.1%","62.0%","59.0%","72.9%","","77.6%","68.3%","63.4%","","52.2%","","40.1%","","73.0%","59.1%","68.7%","74.5%","83.4%","","(X)"
"        Margin of Error","±0.3","","±0.9","±0.8","±0.4","±0.6","±0.6","±0.7","±0.4","","±0.3","±0.3","±2.2","±0.7","±2.1","±10.3","±0.8","±2.0","±0.4","±0.3","±0.3","","±0.4","±0.4","±1.1","","±0.7","","±0.9","","±0.3","±0.8","±0.6","±0.6","±0.5","","(X)"
"    Employed","","","","","","","","","","","","","","","","","","","","","","","","","","","","","","","","","","","","",""
"        Estimate","53.9%","","25.6%","59.1%","70.3%","70.8%","56.1%","22.6%","5.9%","","53.9%","54.7%","52.3%","44.8%","60.7%","56.4%","55.1%","54.4%","55.0%","54.3%","65.9%","","69.5%","62.4%","55.1%","","38.0%","","33.5%","","66.9%","50.3%","61.8%","68.2%","79.5%","","(X)"
"        Margin of Error","±0.3","","±0.9","±1.0","±0.5","±0.7","±0.6","±0.7","±0.4","","±0.3","±0.3","±2.3","±0.8","±2.2","±10.1","±0.8","±2.2","±0.4","±0.3","±0.3","","±0.4","±0.5","±1.1","","±0.8","","±0.9","","±0.3","±0.9","±0.6","±0.6","±0.5","","(X)"
"    Unemployment rate","","","","","","","","","","","","","","","","","","","","","","","","","","","","","","","","","","","","",""
"        Estimate","9.6%","","30.3%","15.7%","9.1%","7.0%","5.8%","6.5%","5.5%","","9.6%","8.5%","12.0%","17.5%","6.6%","3.2%","11.3%","11.1%","11.0%","6.8%","8.8%","","9.2%","8.4%","12.7%","","27.0%","","16.2%","","7.9%","15.0%","9.8%","7.6%","3.7%","","(X)"
"        Margin of Error","±0.2","","±1.8","±0.9","±0.3","±0.4","±0.4","±0.8","±1.6","","±0.2","±0.3","±2.5","±1.0","±1.2","±3.8","±0.7","±1.7","±0.3","±0.3","±0.2","","±0.3","±0.3","±1.0","","±1.2","","±1.1","","±0.2","±1.0","±0.5","±0.4","±0.3","","(X)"
"New York","","","","","","","","","","","","","","","","","","","","","","","","","","","","","","","","","","","","",""
"    Total","","","","","","","","","","","","","","","","","","","","","","","","","","","","","","","","","","","","",""
"        Estimate","15,832,743","","1,067,287","1,435,722","5,312,332","2,842,956","2,419,274","1,479,233","1,275,939","","15,490,022","10,512,282","2,413,367","57,907","1,255,495","5,060","1,245,911","342,721","2,674,457","9,354,804","12,010,284","","5,873,890","6,136,394","886,393","","1,648,382","","1,025,919","","10,574,562","1,319,783","2,652,621","2,787,003","3,815,155","","7.8%"
"        Margin of Error","±2,848","","±2,900","±1,460","±1,227","±919","±600","±563","±474","","±6,855","±12,415","±4,993","±1,796","±3,407","±574","±15,245","±6,396","±1,310","±2,652","±1,439","","±963","±1,168","±6,170","","±12,195","","±7,016","","±1,025","±8,853","±15,726","±10,779","±17,835","","(X)"
"    In labor force","","","","","","","","","","","","","","","","","","","","","","","","","","","","","","","","","","","","",""
"        Estimate","63.5%","","31.2%","67.5%","82.6%","80.9%","65.7%","26.6%","6.4%","","63.5%","63.8%","61.4%","60.1%","63.3%","69.3%","65.6%","64.0%","64.4%","63.8%","77.0%","","81.4%","72.8%","67.2%","","48.6%","","39.2%","","78.3%","60.6%","73.1%","80.0%","86.7%","","(X)"
"        Margin of Error","±0.1","","±0.3","±0.3","±0.1","±0.2","±0.2","±0.2","±0.1","","±0.1","±0.1","±0.2","±1.5","±0.4","±4.5","±0.3","±0.6","±0.2","±0.1","±0.1","","±0.1","±0.1","±0.4","","±0.3","","±0.3","","±0.1","±0.3","±0.2","±0.2","±0.1","","(X)"
"    Employed","","","","","","","","","","","","","","","","","","","","","","","","","","","","","","","","","","","","",""
"        Estimate","57.7%","","22.5%","56.2%","75.6%","75.4%","61.4%","24.8%","5.9%","","57.8%","58.9%","52.4%","51.5%","58.5%","61.0%","57.7%","55.7%","57.0%","59.1%","70.4%","","74.0%","66.9%","60.5%","","34.3%","","32.3%","","72.3%","52.8%","66.3%","73.3%","82.5%","","(X)"
"        Margin of Error","±0.1","","±0.3","±0.3","±0.1","±0.2","±0.2","±0.2","±0.1","","±0.1","±0.1","±0.2","±1.5","±0.3","±4.9","±0.3","±0.7","±0.2","±0.1","±0.1","","±0.1","±0.1","±0.4","","±0.3","","±0.3","","±0.1","±0.3","±0.2","±0.2","±0.1","","(X)"
"    Unemployment rate","","","","","","","","","","","","","","","","","","","","","","","","","","","","","","","","","","","","",""
"        Estimate","8.9%","","27.4%","16.0%","8.2%","6.7%","6.6%","6.7%","6.4%","","8.8%","7.3%","14.4%","13.9%","7.6%","8.1%","12.0%","12.4%","11.3%","7.0%","8.4%","","8.7%","8.0%","9.9%","","29.4%","","17.4%","","7.5%","12.9%","9.3%","8.1%","4.7%","","(X)"
"        Margin of Error","±0.1","","±0.5","±0.3","±0.1","±0.1","±0.1","±0.2","±0.5","","±0.1","±0.1","±0.2","±1.1","±0.2","±3.7","±0.3","±0.5","±0.2","±0.1","±0.1","","±0.1","±0.1","±0.2","","±0.4","","±0.4","","±0.1","±0.3","±0.2","±0.1","±0.1","","(X)"
"North Carolina","","","","","","","","","","","","","","","","","","","","","","","","","","","","","","","","","","","","",""
"    Total","","","","","","","","","","","","","","","","","","","","","","","","","","","","","","","","","","","","",""
"        Estimate","7,717,630","","527,633","694,950","2,582,791","1,366,778","1,199,386","780,502","565,590","","7,599,727","5,519,460","1,617,954","87,765","179,225","4,410","190,913","117,903","545,120","5,201,662","5,843,905","","2,863,105","2,980,800","472,272","","920,893","","673,485","","5,148,955","646,980","1,309,490","1,677,694","1,514,791","","6.0%"
"        Margin of Error","±2,017","","±2,179","±1,574","±1,787","±1,268","±895","±940","±657","","±3,606","±5,220","±2,896","±1,276","±1,143","±524","±4,746","±3,042","±881","±2,018","±1,444","","±1,177","±1,181","±5,051","","±8,731","","±6,080","","±1,589","±8,223","±9,012","±8,885","±12,564","","(X)"
"    In labor force","","","","","","","","","","","","","","","","","","","","","","","","","","","","","","","","","","","","",""
"        Estimate","63.2%","","36.9%","74.2%","82.7%","79.1%","61.7%","22.9%","5.8%","","63.2%","62.9%","62.9%","54.9%","66.8%","73.4%","74.2%","64.6%","73.0%","62.3%","76.5%","","81.4%","71.9%","68.7%","","55.0%","","39.2%","","76.9%","59.8%","72.6%","79.1%","85.3%","","(X)"
"        Margin of Error","±0.1","","±0.5","±0.4","±0.2","±0.3","±0.3","±0.3","±0.2","","±0.1","±0.2","±0.3","±1.1","±0.7","±4.2","±0.9","±1.0","±0.4","±0.2","±0.1","","±0.2","±0.2","±0.5","","±0.4","","±0.4","","±0.1","±0.5","±0.3","±0.2","±0.2","","(X)"
"    Employed","","","","","","","","","","","","","","","","","","","","","","","","","","","","","","","","","","","","",""
"        Estimate","55.6%","","24.5%","57.0%","73.1%","72.5%","57.1%","21.4%","5.5%","","55.6%","56.4%","51.7%","46.7%","61.3%","53.0%","65.1%","52.4%","63.3%","56.0%","67.8%","","71.0%","64.7%","59.5%","","37.2%","","30.7%","","69.2%","49.8%","63.7%","70.5%","80.9%","","(X)"
"        Margin of Error","±0.1","","±0.5","±0.5","±0.2","±0.3","±0.3","±0.3","±0.2","","±0.1","±0.2","±0.3","±1.1","±0.8","±5.0","±0.9","±1.1","±0.5","±0.2","±0.2","","±0.2","±0.2","±0.6","","±0.4","","±0.4","","±0.2","±0.5","±0.3","±0.2","±0.2","","(X)"
"    Unemployment rate","","","","","","","","","","","","","","","","","","","","","","","","","","","","","","","","","","","","",""
"        Estimate","10.5%","","32.1%","18.3%","9.6%","8.1%","7.4%","6.5%","5.3%","","10.5%","8.7%","16.8%","13.6%","7.0%","12.5%","10.4%","15.8%","10.6%","8.6%","9.8%","","9.9%","9.7%","12.9%","","32.2%","","20.5%","","8.8%","16.7%","11.4%","9.0%","4.2%","","(X)"
"        Margin of Error","±0.1","","±0.9","±0.5","±0.2","±0.2","±0.2","±0.4","±0.7","","±0.1","±0.1","±0.3","±1.2","±0.6","±4.8","±0.7","±1.2","±0.5","±0.1","±0.1","","±0.2","±0.2","±0.5","","±0.5","","±0.7","","±0.1","±0.5","±0.2","±0.2","±0.1","","(X)"
"North Dakota","","","","","","","","","","","","","","","","","","","","","","","","","","","","","","","","","","","","",""
"    Total","","","","","","","","","","","","","","","","","","","","","","","","","","","","","","","","","","","","",""
"        Estimate","563,755","","39,897","65,331","176,711","93,055","87,859","50,171","50,731","","555,970","512,675","7,750","24,840","6,770","217","3,718","7,785","11,806","505,813","422,956","","221,108","201,848","35,787","","44,813","","34,222","","357,625","17,883","90,405","141,098","108,239","","5.5%"
"        Margin of Error","±586","","±702","±548","±647","±417","±221","±168","±147","","±804","±558","±435","±490","±308","±83","±419","±618","±217","±409","±566","","±394","±392","±802","","±1,585","","±1,035","","±558","±935","±1,814","±1,803","±1,991","","(X)"
"    In labor force","","","","","","","","","","","","","","","","","","","","","","","","","","","","","","","","","","","","",""
"        Estimate","70.5%","","51.3%","82.4%","88.2%","86.7%","74.6%","33.8%","7.6%","","70.4%","71.0%","75.2%","56.3%","68.1%","88.5%","77.2%","75.0%","76.0%","70.9%","84.2%","","87.7%","80.3%","75.6%","","59.0%","","56.2%","","84.5%","65.1%","80.5%","85.5%","89.7%","","(X)"
"        Margin of Error","±0.3","","±1.7","±1.0","±0.5","±0.6","±0.9","±1.3","±0.5","","±0.3","±0.3","±3.1","±1.4","±3.7","±8.7","±4.7","±3.4","±2.5","±0.3","±0.3","","±0.4","±0.5","±1.4","","±1.8","","±1.6","","±0.4","±2.0","±0.7","±0.6","±0.6","","(X)"
"    Employed","","","","","","","","","","","","","","","","","","","","","","","","","","","","","","","","","","","","",""
"        Estimate","67.4%","","44.9%","74.6%","84.7%","84.7%","73.4%","33.1%","7.4%","","67.4%","68.3%","64.1%","50.9%","64.3%","69.1%","69.7%","66.4%","67.0%","68.3%","80.8%","","83.3%","78.0%","73.3%","","51.5%","","51.9%","","81.9%","60.9%","77.3%","82.8%","88.1%","","(X)"
"        Margin of Error","±0.4","","±1.7","±1.1","±0.5","±0.7","±0.8","±1.3","±0.5","","±0.4","±0.4","±3.6","±1.7","±3.6","±19.2","±5.2","±3.9","±3.2","±0.4","±0.4","","±0.5","±0.6","±1.4","","±1.7","","±1.6","","±0.4","±2.2","±0.7","±0.6","±0.6","","(X)"
"    Unemployment rate","","","","","","","","","","","","","","","","","","","","","","","","","","","","","","","","","","","","",""
"        Estimate","3.1%","","10.8%","5.3%","2.7%","2.1%","1.6%","2.0%","2.5%","","3.0%","2.7%","7.8%","9.6%","2.9%","6.8%","5.1%","8.8%","6.5%","2.7%","2.7%","","2.9%","2.5%","2.6%","","12.5%","","7.4%","","2.3%","6.4%","3.6%","2.0%","1.1%","","(X)"
"        Margin of Error","±0.2","","±1.6","±0.8","±0.3","±0.3","±0.3","±0.5","±1.2","","±0.2","±0.2","±2.9","±1.4","±1.7","±11.7","±2.8","±3.1","±2.5","±0.2","±0.2","","±0.3","±0.3","±0.5","","±1.4","","±1.3","","±0.2","±1.4","±0.5","±0.3","±0.2","","(X)"
"Ohio","","","","","","","","","","","","","","","","","","","","","","","","","","","","","","","","","","","","",""
"    Total","","","","","","","","","","","","","","","","","","","","","","","","","","","","","","","","","","","","",""
"        Estimate","9,197,668","","633,946","782,611","2,876,983","1,670,106","1,529,423","923,149","781,450","","9,060,068","7,739,100","1,067,264","17,807","165,918","2,180","67,799","137,600","249,715","7,581,394","6,859,123","","3,388,464","3,470,659","525,843","","995,330","","797,683","","6,076,512","547,247","1,964,834","1,882,768","1,681,663","","5.7%"
"        Margin of Error","±2,087","","±2,295","±1,062","±1,250","±925","±664","±714","±625","","±3,507","±2,990","±2,563","±876","±1,171","±283","±2,364","±2,655","±583","±1,991","±1,297","","±988","±955","±5,097","","±8,661","","±6,094","","±1,363","±6,081","±9,892","±7,112","±12,450","","(X)"
"    In labor force","","","","","","","","","","","","","","","","","","","","","","","","","","","","","","","","","","","","",""
"        Estimate","63.6%","","43.9%","76.5%","83.0%","80.5%","63.6%","23.9%","5.6%","","63.6%","63.9%","60.7%","57.2%","66.2%","72.2%","71.1%","64.0%","68.1%","63.8%","77.3%","","81.4%","73.4%","71.7%","","52.8%","","41.0%","","77.5%","53.0%","73.6%","80.2%","86.9%","","(X)"
"        Margin of Error","±0.1","","±0.4","±0.4","±0.1","±0.2","±0.3","±0.2","±0.1","","±0.1","±0.1","±0.2","±2.6","±0.8","±8.3","±1.4","±0.9","±0.6","±0.1","±0.1","","±0.2","±0.2","±0.5","","±0.4","","±0.4","","±0.1","±0.5","±0.2","±0.2","±0.2","","(X)"
"    Employed","","","","","","","","","","","","","","","","","","","","","","","","","","","","","","","","","","","","",""
"        Estimate","57.7%","","31.8%","64.9%","75.7%","74.9%","59.7%","22.7%","5.4%","","57.7%","58.8%","49.3%","48.3%","62.6%","63.9%","62.8%","52.7%","60.0%","58.7%","70.7%","","73.8%","67.7%","64.3%","","35.7%","","33.4%","","71.4%","42.8%","66.7%","73.8%","83.8%","","(X)"
"        Margin of Error","±0.1","","±0.4","±0.4","±0.2","±0.2","±0.3","±0.2","±0.1","","±0.1","±0.1","±0.3","±2.8","±0.9","±8.6","±1.5","±1.0","±0.6","±0.1","±0.1","","±0.2","±0.2","±0.5","","±0.3","","±0.4","","±0.1","±0.4","±0.2","±0.2","±0.2","","(X)"
"    Unemployment rate","","","","","","","","","","","","","","","","","","","","","","","","","","","","","","","","","","","","",""
"        Estimate","9.2%","","27.5%","14.9%","8.6%","6.9%","6.2%","5.1%","4.1%","","9.1%","7.8%","18.7%","15.4%","5.3%","11.0%","11.6%","17.3%","11.6%","7.8%","8.4%","","9.1%","7.7%","10.3%","","32.5%","","18.5%","","7.6%","19.3%","9.4%","7.8%","3.4%","","(X)"
"        Margin of Error","±0.1","","±0.6","±0.3","±0.1","±0.1","±0.1","±0.3","±0.6","","±0.1","±0.1","±0.4","±2.6","±0.5","±5.8","±1.2","±1.0","±0.5","±0.1","±0.1","","±0.1","±0.1","±0.4","","±0.5","","±0.5","","±0.1","±0.5","±0.2","±0.1","±0.1","","(X)"
"Oklahoma","","","","","","","","","","","","","","","","","","","","","","","","","","","","","","","","","","","","",""
"    Total","","","","","","","","","","","","","","","","","","","","","","","","","","","","","","","","","","","","",""
"        Estimate","2,977,835","","207,470","281,342","987,352","506,554","461,049","301,305","232,763","","2,796,807","2,263,447","210,267","196,440","56,986","3,078","66,589","181,028","226,671","2,127,881","2,236,297","","1,117,981","1,118,316","195,304","","336,795","","311,947","","1,954,955","232,862","598,773","636,537","486,783","","5.8%"
"        Margin of Error","±1,028","","±1,251","±933","±1,119","±652","±393","±400","±378","","±2,825","±2,424","±1,216","±2,008","±845","±227","±1,947","±2,648","±339","±794","±1,010","","±790","±585","±2,173","","±3,928","","±3,128","","±1,037","±2,805","±4,226","±4,152","±3,879","","(X)"
"    In labor force","","","","","","","","","","","","","","","","","","","","","","","","","","","","","","","","","","","","",""
"        Estimate","61.9%","","41.0%","74.8%","79.6%","76.6%","61.0%","25.3%","7.0%","","61.9%","61.6%","61.1%","61.0%","65.4%","66.2%","72.2%","62.0%","70.8%","61.1%","74.5%","","80.4%","68.6%","65.2%","","49.8%","","41.5%","","74.4%","58.3%","70.2%","76.1%","85.1%","","(X)"
"        Margin of Error","±0.1","","±0.7","±0.6","±0.2","±0.3","±0.4","±0.5","±0.3","","±0.1","±0.2","±0.6","±0.6","±1.4","±4.7","±1.0","±0.6","±0.6","±0.2","±0.2","","±0.2","±0.3","±0.6","","±0.5","","±0.6","","±0.2","±0.6","±0.3","±0.3","±0.3","","(X)"
"    Employed","","","","","","","","","","","","","","","","","","","","","","","","","","","","","","","","","","","","",""
"        Estimate","57.1%","","31.6%","64.4%","73.4%","72.6%","58.7%","24.4%","6.8%","","57.2%","57.4%","52.8%","54.9%","61.5%","57.8%","66.6%","55.1%","64.8%","57.0%","69.1%","","74.1%","64.0%","59.4%","","38.1%","","36.0%","","69.7%","52.2%","65.0%","71.0%","82.3%","","(X)"
"        Margin of Error","±0.2","","±0.7","±0.6","±0.3","±0.3","±0.4","±0.5","±0.3","","±0.2","±0.2","±0.7","±0.6","±1.5","±5.4","±1.1","±0.7","±0.6","±0.2","±0.2","","±0.3","±0.3","±0.6","","±0.6","","±0.6","","±0.2","±0.7","±0.3","±0.3","±0.3","","(X)"
"    Unemployment rate","","","","","","","","","","","","","","","","","","","","","","","","","","","","","","","","","","","","",""
"        Estimate","6.8%","","21.1%","11.6%","6.5%","5.0%","3.8%","3.7%","3.0%","","6.6%","5.9%","11.9%","10.0%","4.8%","8.9%","7.0%","10.6%","7.1%","5.8%","6.3%","","6.2%","6.4%","8.5%","","23.3%","","13.0%","","5.6%","10.5%","7.0%","5.5%","2.5%","","(X)"
"        Margin of Error","±0.1","","±0.8","±0.5","±0.2","±0.2","±0.2","±0.4","±0.7","","±0.1","±0.1","±0.7","±0.5","±0.8","±4.1","±0.8","±0.5","±0.5","±0.1","±0.1","","±0.2","±0.2","±0.5","","±0.7","","±0.6","","±0.1","±0.5","±0.2","±0.2","±0.1","","(X)"
"Oregon","","","","","","","","","","","","","","","","","","","","","","","","","","","","","","","","","","","","",""
"    Total","","","","","","","","","","","","","","","","","","","","","","","","","","","","","","","","","","","","",""
"        Estimate","3,139,152","","199,188","262,588","1,040,141","524,079","530,883","331,306","250,967","","3,043,824","2,721,337","53,549","36,151","124,281","10,520","97,986","95,328","308,384","2,534,208","2,357,691","","1,175,132","1,182,559","177,472","","383,106","","285,356","","2,095,103","209,726","483,813","752,857","648,707","","5.6%"
"        Margin of Error","±1,339","","±1,435","±864","±928","±859","±510","±470","±380","","±2,373","±3,593","±918","±1,193","±1,200","±460","±3,501","±2,082","±658","±1,239","±714","","±770","±646","±2,664","","±5,704","","±3,960","","±985","±3,556","±4,831","±5,062","±5,307","","(X)"
"    In labor force","","","","","","","","","","","","","","","","","","","","","","","","","","","","","","","","","","","","",""
"        Estimate","62.5%","","38.9%","74.4%","81.8%","79.9%","62.7%","22.2%","4.9%","","62.4%","62.0%","61.9%","60.1%","64.2%","67.1%","74.4%","63.6%","72.2%","61.2%","76.3%","","80.7%","71.9%","64.8%","","55.4%","","44.1%","","76.5%","66.3%","72.0%","76.3%","83.4%","","(X)"
"        Margin of Error","±0.2","","±0.8","±0.6","±0.3","±0.4","±0.4","±0.5","±0.2","","±0.2","±0.2","±1.6","±1.5","±1.1","±3.6","±1.1","±1.0","±0.6","±0.2","±0.2","","±0.2","±0.3","±0.9","","±0.7","","±0.7","","±0.2","±0.7","±0.5","±0.4","±0.3","","(X)"
"    Employed","","","","","","","","","","","","","","","","","","","","","","","","","","","","","","","","","","","","",""
"        Estimate","55.8%","","27.3%","62.2%","73.6%","73.0%","57.8%","20.6%","4.6%","","55.9%","55.6%","50.7%","49.6%","59.3%","57.5%","65.7%","53.6%","63.7%","55.0%","68.6%","","71.9%","65.4%","57.8%","","38.8%","","35.0%","","69.4%","56.3%","63.3%","68.8%","79.0%","","(X)"
"        Margin of Error","±0.2","","±0.7","±0.8","±0.3","±0.4","±0.4","±0.5","±0.2","","±0.2","±0.2","±1.7","±1.7","±1.2","±3.8","±1.2","±1.2","±0.7","±0.2","±0.2","","±0.3","±0.3","±0.9","","±0.7","","±0.6","","±0.2","±0.8","±0.5","±0.4","±0.3","","(X)"
"    Unemployment rate","","","","","","","","","","","","","","","","","","","","","","","","","","","","","","","","","","","","",""
"        Estimate","10.5%","","29.7%","16.2%","9.8%","8.7%","7.7%","7.2%","5.7%","","10.4%","10.2%","18.1%","17.4%","7.5%","14.4%","11.6%","15.4%","11.8%","10.1%","9.9%","","10.7%","8.9%","10.8%","","29.8%","","20.4%","","9.1%","15.1%","12.0%","9.6%","5.2%","","(X)"
"        Margin of Error","±0.2","","±1.3","±0.7","±0.3","±0.3","±0.3","±0.6","±1.2","","±0.2","±0.2","±1.7","±1.9","±0.8","±3.1","±1.2","±1.2","±0.7","±0.2","±0.2","","±0.2","±0.3","±0.7","","±0.8","","±0.9","","±0.2","±0.8","±0.3","±0.3","±0.2","","(X)"
"Pennsylvania","","","","","","","","","","","","","","","","","","","","","","","","","","","","","","","","","","","","",""
"    Total","","","","","","","","","","","","","","","","","","","","","","","","","","","","","","","","","","","","",""
"        Estimate","10,351,296","","710,973","875,583","3,137,621","1,875,240","1,710,321","1,061,842","979,716","","10,214,092","8,647,977","1,069,008","18,250","300,768","3,061","175,028","137,204","534,676","8,350,755","7,598,765","","3,769,225","3,829,540","544,103","","935,749","","825,019","","6,723,182","572,022","2,302,925","1,767,821","2,080,414","","6.7%"
"        Margin of Error","±2,100","","±2,454","±1,163","±1,220","±838","±590","±595","±614","","±3,675","±4,961","±3,263","±939","±1,366","±657","±4,199","±3,005","±690","±2,089","±1,343","","±1,095","±940","±4,949","","±10,133","","±6,184","","±1,066","±5,998","±11,140","±6,290","±11,369","","(X)"
"    In labor force","","","","","","","","","","","","","","","","","","","","","","","","","","","","","","","","","","","","",""
"        Estimate","62.9%","","40.5%","72.0%","82.9%","81.1%","66.2%","26.1%","6.0%","","62.9%","63.5%","57.7%","59.5%","64.7%","64.3%","62.8%","61.6%","63.7%","63.4%","77.4%","","81.3%","73.6%","70.8%","","47.7%","","40.9%","","78.1%","54.3%","74.0%","80.9%","86.9%","","(X)"
"        Margin of Error","±0.1","","±0.3","±0.4","±0.2","±0.2","±0.3","±0.2","±0.1","","±0.1","±0.1","±0.3","±2.5","±0.5","±8.4","±1.0","±1.0","±0.5","±0.1","±0.1","","±0.2","±0.2","±0.4","","±0.4","","±0.4","","±0.1","±0.4","±0.2","±0.2","±0.1","","(X)"
"    Employed","","","","","","","","","","","","","","","","","","","","","","","","","","","","","","","","","","","","",""
"        Estimate","57.4%","","30.5%","61.1%","76.1%","76.0%","62.3%","24.6%","5.7%","","57.5%","58.8%","47.4%","49.1%","60.1%","52.4%","52.3%","51.8%","53.9%","58.9%","71.2%","","74.3%","68.3%","63.8%","","32.6%","","33.7%","","72.6%","46.0%","67.3%","75.0%","83.6%","","(X)"
"        Margin of Error","±0.1","","±0.4","±0.4","±0.2","±0.2","±0.3","±0.2","±0.1","","±0.1","±0.1","±0.3","±2.5","±0.5","±8.7","±1.1","±1.0","±0.5","±0.1","±0.1","","±0.2","±0.2","±0.5","","±0.3","","±0.4","","±0.1","±0.4","±0.2","±0.2","±0.2","","(X)"
"    Unemployment rate","","","","","","","","","","","","","","","","","","","","","","","","","","","","","","","","","","","","",""
"        Estimate","8.6%","","24.7%","15.2%","8.1%","6.2%","5.9%","6.0%","5.2%","","8.5%","7.3%","17.7%","17.3%","7.0%","18.4%","16.6%","15.7%","15.2%","7.1%","7.9%","","8.5%","7.3%","9.8%","","31.7%","","17.5%","","7.1%","15.3%","8.9%","7.2%","3.8%","","(X)"
"        Margin of Error","±0.1","","±0.6","±0.4","±0.1","±0.1","±0.1","±0.2","±0.4","","±0.1","±0.1","±0.4","±3.0","±0.4","±9.3","±1.1","±1.0","±0.5","±0.1","±0.1","","±0.1","±0.1","±0.3","","±0.5","","±0.4","","±0.1","±0.5","±0.2","±0.1","±0.1","","(X)"
"Rhode Island","","","","","","","","","","","","","","","","","","","","","","","","","","","","","","","","","","","","",""
"    Total","","","","","","","","","","","","","","","","","","","","","","","","","","","","","","","","","","","","",""
"        Estimate","862,851","","63,914","82,776","262,793","157,253","137,443","81,642","77,030","","845,143","718,974","49,308","3,844","26,579","414","46,024","17,708","97,552","673,698","640,265","","313,913","326,352","44,556","","81,386","","67,188","","557,489","64,182","145,098","161,033","187,176","","6.5%"
"        Margin of Error","±644","","±813","±362","±525","±346","±238","±242","±188","","±1,552","±2,101","±1,429","±437","±509","±191","±2,086","±1,396","±313","±768","±489","","±338","±341","±1,106","","±2,566","","±1,880","","±500","±1,683","±2,729","±2,486","±3,096","","(X)"
"    In labor force","","","","","","","","","","","","","","","","","","","","","","","","","","","","","","","","","","","","",""
"        Estimate","65.9%","","44.2%","75.0%","85.5%","83.1%","68.8%","29.1%","5.8%","","65.9%","65.6%","67.3%","60.2%","63.8%","87.0%","69.9%","64.8%","68.1%","65.6%","80.0%","","83.2%","76.8%","75.6%","","50.9%","","40.4%","","80.7%","62.1%","77.2%","82.8%","88.0%","","(X)"
"        Margin of Error","±0.4","","±1.6","±1.3","±0.5","±0.7","±0.9","±1.2","±0.5","","±0.4","±0.4","±1.5","±5.2","±2.3","±14.8","±1.9","±2.2","±0.9","±0.4","±0.4","","±0.5","±0.5","±1.3","","±1.4","","±1.6","","±0.4","±1.4","±0.7","±0.8","±0.4","","(X)"
"    Employed","","","","","","","","","","","","","","","","","","","","","","","","","","","","","","","","","","","","",""
"        Estimate","59.3%","","33.0%","63.9%","77.0%","76.8%","64.1%","27.2%","5.2%","","59.4%","59.7%","57.9%","50.2%","58.1%","64.7%","57.2%","53.7%","56.8%","59.8%","72.5%","","74.8%","70.2%","66.6%","","34.0%","","32.5%","","73.7%","52.3%","68.1%","76.0%","83.5%","","(X)"
"        Margin of Error","±0.3","","±1.4","±1.3","±0.7","±0.7","±0.8","±1.1","±0.5","","±0.4","±0.4","±1.5","±4.9","±2.4","±17.3","±1.8","±2.3","±1.0","±0.3","±0.4","","±0.6","±0.6","±1.5","","±1.3","","±1.5","","±0.4","±1.6","±0.9","±0.8","±0.5","","(X)"
"    Unemployment rate","","","","","","","","","","","","","","","","","","","","","","","","","","","","","","","","","","","","",""
"        Estimate","9.5%","","25.0%","14.1%","9.0%","7.4%","6.9%","6.4%","9.6%","","9.4%","8.5%","13.4%","16.5%","8.5%","25.6%","18.0%","16.1%","16.3%","8.2%","8.8%","","9.1%","8.5%","11.8%","","33.1%","","19.4%","","8.1%","15.8%","11.6%","7.7%","4.1%","","(X)"
"        Margin of Error","±0.3","","±1.8","±1.0","±0.5","±0.5","±0.5","±0.9","±2.4","","±0.3","±0.3","±1.7","±7.2","±1.9","±21.1","±1.7","±2.4","±1.1","±0.3","±0.3","","±0.4","±0.4","±1.4","","±1.9","","±1.6","","±0.3","±1.5","±0.9","±0.5","±0.4","","(X)"
"South Carolina","","","","","","","","","","","","","","","","","","","","","","","","","","","","","","","","","","","","",""
"    Total","","","","","","","","","","","","","","","","","","","","","","","","","","","","","","","","","","","","",""
"        Estimate","3,768,421","","257,952","347,374","1,203,016","653,274","611,354","416,941","278,510","","3,722,236","2,601,567","1,004,353","12,135","51,046","1,480","51,655","46,185","167,543","2,496,673","2,815,018","","1,374,015","1,441,003","221,978","","459,572","","352,141","","2,467,644","313,755","725,269","781,922","646,698","","6.9%"
"        Margin of Error","±1,488","","±1,832","±1,093","±1,036","±666","±509","±549","±444","","±2,242","±2,594","±1,536","±692","±860","±251","±2,424","±1,932","±438","±1,127","±1,066","","±790","±797","±2,974","","±7,168","","±4,368","","±895","±4,574","±5,948","±5,653","±6,452","","(X)"
"    In labor force","","","","","","","","","","","","","","","","","","","","","","","","","","","","","","","","","","","","",""
"        Estimate","61.2%","","38.0%","73.6%","81.9%","77.1%","58.6%","21.4%","5.9%","","61.2%","60.9%","60.9%","56.3%","67.9%","74.0%","74.7%","62.8%","71.8%","60.5%","74.7%","","79.0%","70.6%","70.7%","","53.8%","","35.8%","","74.8%","54.2%","71.3%","78.6%","84.4%","","(X)"
"        Margin of Error","±0.2","","±0.7","±0.6","±0.2","±0.4","±0.4","±0.4","±0.3","","±0.2","±0.2","±0.3","±2.7","±1.6","±6.9","±1.5","±2.0","±0.8","±0.2","±0.2","","±0.3","±0.3","±0.8","","±0.6","","±0.6","","±0.2","±0.7","±0.4","±0.3","±0.3","","(X)"
"    Employed","","","","","","","","","","","","","","","","","","","","","","","","","","","","","","","","","","","","",""
"        Estimate","53.9%","","24.5%","57.9%","72.7%","70.6%","54.5%","19.9%","5.6%","","54.0%","55.0%","50.2%","44.7%","61.2%","57.0%","67.7%","50.9%","63.1%","54.7%","66.4%","","69.7%","63.4%","60.8%","","35.8%","","28.6%","","67.6%","43.7%","63.0%","71.2%","80.2%","","(X)"
"        Margin of Error","±0.2","","±0.7","±0.6","±0.3","±0.4","±0.5","±0.4","±0.3","","±0.2","±0.2","±0.3","±2.8","±1.7","±8.0","±1.5","±1.8","±1.0","±0.2","±0.2","","±0.3","±0.3","±0.9","","±0.6","","±0.5","","±0.2","±0.7","±0.4","±0.4","±0.3","","(X)"
"    Unemployment rate","","","","","","","","","","","","","","","","","","","","","","","","","","","","","","","","","","","","",""
"        Estimate","10.6%","","31.1%","18.2%","9.8%","8.4%","6.9%","6.8%","5.5%","","10.6%","8.3%","16.7%","18.5%","7.5%","9.1%","7.6%","14.5%","9.1%","8.3%","10.0%","","10.1%","9.8%","13.8%","","33.3%","","19.7%","","8.8%","19.3%","11.2%","8.3%","4.0%","","(X)"
"        Margin of Error","±0.2","","±1.1","±0.6","±0.2","±0.3","±0.3","±0.6","±1.0","","±0.2","±0.2","±0.4","±3.7","±1.2","±6.7","±1.2","±1.8","±0.8","±0.2","±0.2","","±0.3","±0.2","±0.6","","±0.7","","±0.9","","±0.2","±0.8","±0.3","±0.3","±0.2","","(X)"
"South Dakota","","","","","","","","","","","","","","","","","","","","","","","","","","","","","","","","","","","","",""
"    Total","","","","","","","","","","","","","","","","","","","","","","","","","","","","","","","","","","","","",""
"        Estimate","651,429","","47,136","59,689","204,181","111,942","106,137","62,692","59,652","","640,266","572,209","8,583","46,843","7,241","184","5,206","11,163","16,948","562,552","481,949","","246,337","235,612","42,759","","61,083","","47,928","","422,260","29,513","123,933","148,139","120,675","","5.0%"
"        Margin of Error","±594","","±714","±649","±644","±434","±311","±264","±229","","±909","±819","±474","±728","±354","±80","±433","±724","±249","±484","±671","","±463","±542","±1,096","","±1,888","","±1,372","","±619","±1,221","±1,612","±2,060","±2,201","","(X)"
"    In labor force","","","","","","","","","","","","","","","","","","","","","","","","","","","","","","","","","","","","",""
"        Estimate","69.1%","","53.2%","79.6%","87.0%","86.2%","73.0%","33.6%","8.3%","","69.1%","70.0%","73.9%","56.9%","72.1%","78.8%","76.8%","67.0%","73.7%","69.9%","82.8%","","85.5%","80.0%","78.5%","","58.5%","","54.9%","","83.2%","65.2%","81.0%","84.4%","88.6%","","(X)"
"        Margin of Error","±0.3","","±1.5","±1.3","±0.5","±0.5","±0.8","±1.1","±0.6","","±0.3","±0.3","±3.6","±1.1","±3.3","±16.6","±4.0","±2.9","±2.2","±0.3","±0.3","","±0.4","±0.5","±1.2","","±1.5","","±1.6","","±0.3","±1.7","±0.6","±0.6","±0.6","","(X)"
"    Employed","","","","","","","","","","","","","","","","","","","","","","","","","","","","","","","","","","","","",""
"        Estimate","65.4%","","45.1%","71.0%","82.2%","83.3%","71.1%","33.0%","8.1%","","65.5%","67.3%","63.5%","42.7%","66.3%","65.2%","70.0%","57.8%","66.6%","67.3%","78.6%","","80.5%","76.7%","74.0%","","46.3%","","49.6%","","79.7%","58.6%","76.9%","80.4%","86.9%","","(X)"
"        Margin of Error","±0.3","","±1.4","±1.3","±0.6","±0.6","±0.8","±1.1","±0.6","","±0.3","±0.3","±3.9","±1.2","±3.9","±18.7","±4.1","±3.2","±2.8","±0.3","±0.3","","±0.4","±0.5","±1.5","","±1.6","","±1.6","","±0.4","±2.0","±0.7","±0.7","±0.6","","(X)"
"    Unemployment rate","","","","","","","","","","","","","","","","","","","","","","","","","","","","","","","","","","","","",""
"        Estimate","4.8%","","14.7%","8.8%","4.5%","3.3%","2.5%","1.9%","2.1%","","4.7%","3.1%","10.5%","25.1%","7.8%","0.0%","7.2%","12.3%","8.1%","3.1%","4.3%","","4.7%","3.9%","5.4%","","20.7%","","9.5%","","3.7%","10.1%","4.9%","3.7%","1.5%","","(X)"
"        Margin of Error","±0.2","","±1.5","±0.9","±0.4","±0.4","±0.3","±0.6","±0.9","","±0.2","±0.2","±2.8","±1.6","±3.1","±15.3","±2.9","±2.6","±1.7","±0.2","±0.2","","±0.3","±0.3","±0.8","","±1.5","","±1.2","","±0.2","±1.5","±0.4","±0.3","±0.3","","(X)"
"Tennessee","","","","","","","","","","","","","","","","","","","","","","","","","","","","","","","","","","","","",""
"    Total","","","","","","","","","","","","","","","","","","","","","","","","","","","","","","","","","","","","",""
"        Estimate","5,125,250","","337,988","451,019","1,687,358","909,110","821,557","535,098","383,120","","5,059,100","4,080,166","819,719","14,259","77,231","2,237","65,488","66,150","199,864","3,957,021","3,869,044","","1,894,185","1,974,859","303,579","","619,624","","531,154","","3,418,025","416,816","1,114,686","996,078","890,445","","6.1%"
"        Margin of Error","±2,021","","±2,026","±1,337","±1,521","±1,249","±750","±670","±661","","±2,741","±3,132","±1,541","±1,017","±1,062","±313","±2,748","±2,022","±620","±1,637","±1,439","","±1,264","±981","±3,976","","±6,094","","±4,885","","±1,308","±4,544","±7,318","±6,124","±7,830","","(X)"
"    In labor force","","","","","","","","","","","","","","","","","","","","","","","","","","","","","","","","","","","","",""
"        Estimate","61.4%","","38.7%","73.5%","80.6%","76.4%","59.5%","22.3%","6.0%","","61.5%","60.8%","63.4%","60.8%","66.7%","69.8%","74.1%","59.1%","71.5%","60.5%","74.3%","","79.5%","69.4%","67.0%","","50.4%","","35.9%","","74.4%","52.0%","70.5%","78.4%","85.4%","","(X)"
"        Margin of Error","±0.1","","±0.6","±0.6","±0.2","±0.3","±0.3","±0.4","±0.2","","±0.1","±0.2","±0.4","±2.8","±1.2","±6.7","±1.5","±1.4","±0.7","±0.2","±0.2","","±0.2","±0.2","±0.6","","±0.5","","±0.5","","±0.2","±0.6","±0.3","±0.3","±0.3","","(X)"
"    Employed","","","","","","","","","","","","","","","","","","","","","","","","","","","","","","","","","","","","",""
"        Estimate","55.3%","","28.0%","60.7%","72.9%","70.9%","55.8%","21.1%","5.6%","","55.4%","55.5%","53.2%","52.5%","63.2%","59.0%","68.7%","50.2%","65.1%","55.2%","67.4%","","71.7%","63.2%","59.1%","","34.3%","","29.1%","","68.3%","43.5%","63.1%","72.0%","82.1%","","(X)"
"        Margin of Error","±0.1","","±0.6","±0.6","±0.3","±0.3","±0.4","±0.4","±0.2","","±0.1","±0.2","±0.4","±3.0","±1.2","±8.9","±1.5","±1.6","±0.8","±0.2","±0.2","","±0.2","±0.2","±0.7","","±0.5","","±0.5","","±0.2","±0.6","±0.3","±0.3","±0.3","","(X)"
"    Unemployment rate","","","","","","","","","","","","","","","","","","","","","","","","","","","","","","","","","","","","",""
"        Estimate","9.5%","","27.4%","16.6%","8.8%","7.1%","6.2%","5.6%","5.8%","","9.4%","8.3%","15.6%","13.1%","4.8%","7.9%","6.8%","13.9%","7.9%","8.3%","8.8%","","8.9%","8.8%","11.7%","","31.9%","","18.7%","","7.8%","16.3%","10.2%","7.3%","3.5%","","(X)"
"        Margin of Error","±0.1","","±1.0","±0.6","±0.2","±0.2","±0.2","±0.4","±1.0","","±0.1","±0.1","±0.4","±2.6","±0.7","±5.9","±1.0","±1.5","±0.6","±0.1","±0.1","","±0.2","±0.2","±0.5","","±0.7","","±0.8","","±0.1","±0.7","±0.3","±0.2","±0.1","","(X)"
"Texas","","","","","","","","","","","","","","","","","","","","","","","","","","","","","","","","","","","","",""
"    Total","","","","","","","","","","","","","","","","","","","","","","","","","","","","","","","","","","","","",""
"        Estimate","19,858,082","","1,511,771","1,919,581","7,323,490","3,451,540","2,801,943","1,649,502","1,200,255","","19,502,216","15,011,183","2,340,601","97,445","838,717","16,667","1,197,603","355,866","6,900,239","9,516,884","15,496,554","","7,733,451","7,763,103","1,432,773","","2,278,265","","1,536,292","","13,576,973","2,319,575","3,357,076","4,104,745","3,795,577","","5.7%"
"        Margin of Error","±3,235","","±3,446","±2,335","±2,452","±1,627","±1,090","±985","±998","","±6,652","±13,589","±3,404","±2,644","±2,601","±838","±12,763","±6,238","±2,267","±2,285","±2,062","","±1,926","±1,343","±8,276","","±16,646","","±10,392","","±2,218","±14,802","±14,516","±13,478","±22,528","","(X)"
"    In labor force","","","","","","","","","","","","","","","","","","","","","","","","","","","","","","","","","","","","",""
"        Estimate","64.9%","","35.2%","72.7%","80.7%","79.3%","64.0%","26.9%","6.5%","","64.9%","64.4%","64.7%","64.1%","67.4%","69.7%","69.2%","65.8%","66.0%","64.0%","76.4%","","83.5%","69.3%","62.2%","","54.6%","","44.6%","","76.9%","64.3%","72.8%","79.3%","85.7%","","(X)"
"        Margin of Error","±0.1","","±0.2","±0.3","±0.1","±0.2","±0.2","±0.2","±0.1","","±0.1","±0.1","±0.2","±1.2","±0.4","±3.2","±0.3","±0.5","±0.1","±0.1","±0.1","","±0.1","±0.1","±0.3","","±0.3","","±0.3","","±0.1","±0.2","±0.2","±0.2","±0.1","","(X)"
"    Employed","","","","","","","","","","","","","","","","","","","","","","","","","","","","","","","","","","","","",""
"        Estimate","59.5%","","25.9%","61.7%","74.5%","74.8%","60.5%","25.6%","6.2%","","59.5%","59.6%","55.8%","57.1%","63.3%","56.8%","62.9%","57.6%","60.3%","59.5%","70.5%","","76.9%","64.1%","56.2%","","42.5%","","37.9%","","71.7%","58.4%","66.9%","73.6%","82.2%","","(X)"
"        Margin of Error","±0.1","","±0.3","±0.3","±0.1","±0.2","±0.2","±0.2","±0.1","","±0.1","±0.1","±0.2","±1.4","±0.4","±3.2","±0.3","±0.6","±0.1","±0.1","±0.1","","±0.1","±0.1","±0.3","","±0.3","","±0.3","","±0.1","±0.2","±0.2","±0.2","±0.1","","(X)"
"    Unemployment rate","","","","","","","","","","","","","","","","","","","","","","","","","","","","","","","","","","","","",""
"        Estimate","7.7%","","25.2%","13.2%","6.8%","5.5%","5.4%","5.0%","4.4%","","7.6%","6.8%","12.8%","9.7%","5.7%","11.7%","8.8%","10.9%","8.3%","6.0%","7.0%","","6.8%","7.3%","9.4%","","22.2%","","14.7%","","6.2%","9.2%","7.8%","6.3%","3.5%","","(X)"
"        Margin of Error","±0.1","","±0.5","±0.3","±0.1","±0.1","±0.1","±0.2","±0.5","","±0.1","±0.1","±0.3","±1.0","±0.3","±3.0","±0.3","±0.6","±0.1","±0.1","±0.1","","±0.1","±0.1","±0.2","","±0.3","","±0.3","","±0.1","±0.2","±0.1","±0.1","±0.1","","(X)"
"Utah","","","","","","","","","","","","","","","","","","","","","","","","","","","","","","","","","","","","",""
"    Total","","","","","","","","","","","","","","","","","","","","","","","","","","","","","","","","","","","","",""
"        Estimate","2,057,591","","175,778","239,085","803,354","306,341","261,362","154,578","117,093","","2,022,866","1,831,529","21,130","22,771","48,967","17,509","80,960","34,725","243,446","1,680,331","1,610,142","","812,083","798,059","189,681","","192,958","","133,633","","1,371,057","119,554","306,528","519,604","425,371","","5.0%"
"        Margin of Error","±1,076","","±1,103","±626","±690","±564","±441","±322","±326","","±1,516","±2,762","±692","±754","±732","±417","±2,615","±1,368","±474","±1,109","±626","","±542","±471","±2,611","","±3,944","","±2,263","","±670","±2,726","±3,897","±4,036","±4,373","","(X)"
"    In labor force","","","","","","","","","","","","","","","","","","","","","","","","","","","","","","","","","","","","",""
"        Estimate","68.0%","","48.5%","79.9%","80.6%","81.8%","67.7%","26.9%","5.9%","","68.0%","67.9%","68.3%","61.3%","66.2%","68.9%","73.9%","67.6%","73.2%","67.4%","78.6%","","87.6%","69.5%","54.7%","","60.9%","","48.9%","","78.4%","69.7%","76.7%","77.2%","83.5%","","(X)"
"        Margin of Error","±0.2","","±0.8","±0.6","±0.3","±0.4","±0.5","±0.6","±0.4","","±0.2","±0.2","±2.2","±2.1","±1.3","±2.3","±1.4","±1.8","±0.7","±0.2","±0.2","","±0.2","±0.3","±0.8","","±0.8","","±0.9","","±0.2","±1.0","±0.5","±0.3","±0.4","","(X)"
"    Employed","","","","","","","","","","","","","","","","","","","","","","","","","","","","","","","","","","","","",""
"        Estimate","63.2%","","38.5%","71.7%","75.6%","77.6%","64.6%","25.9%","5.8%","","63.3%","63.3%","58.9%","52.0%","62.5%","60.6%","67.1%","58.5%","65.9%","63.1%","73.6%","","81.8%","65.3%","51.1%","","47.8%","","42.4%","","73.9%","62.0%","70.8%","72.8%","81.0%","","(X)"
"        Margin of Error","±0.2","","±0.7","±0.7","±0.3","±0.5","±0.5","±0.6","±0.4","","±0.2","±0.2","±2.4","±2.1","±1.3","±2.5","±1.3","±1.9","±0.7","±0.2","±0.2","","±0.3","±0.3","±0.8","","±0.8","","±0.8","","±0.2","±1.0","±0.6","±0.4","±0.4","","(X)"
"    Unemployment rate","","","","","","","","","","","","","","","","","","","","","","","","","","","","","","","","","","","","",""
"        Estimate","6.9%","","20.4%","9.7%","5.8%","5.0%","4.6%","3.9%","2.9%","","6.8%","6.5%","12.8%","15.2%","5.4%","11.9%","9.0%","12.4%","9.7%","6.2%","6.1%","","6.1%","6.0%","6.5%","","21.3%","","13.2%","","5.4%","11.1%","7.5%","5.3%","2.9%","","(X)"
"        Margin of Error","±0.2","","±0.9","±0.5","±0.2","±0.3","±0.3","±0.5","±1.1","","±0.2","±0.2","±2.3","±1.7","±0.7","±2.3","±1.0","±1.5","±0.6","±0.2","±0.2","","±0.2","±0.2","±0.6","","±1.0","","±0.9","","±0.2","±0.9","±0.5","±0.3","±0.2","","(X)"
"Vermont","","","","","","","","","","","","","","","","","","","","","","","","","","","","","","","","","","","","",""
"    Total","","","","","","","","","","","","","","","","","","","","","","","","","","","","","","","","","","","","",""
"        Estimate","517,411","","37,561","44,855","145,565","96,695","94,257","55,892","42,586","","510,237","495,204","4,918","1,663","6,766","169","1,517","7,174","7,575","489,594","381,372","","188,861","192,511","25,074","","43,891","","42,717","","336,517","21,204","100,327","91,854","123,132","","4.8%"
"        Margin of Error","±474","","±500","±302","±381","±294","±245","±175","±149","","±470","±447","±218","±229","±276","±96","±295","±377","±100","±350","±336","","±284","±250","±790","","±1,441","","±1,146","","±374","±829","±1,588","±1,320","±1,693","","(X)"
"    In labor force","","","","","","","","","","","","","","","","","","","","","","","","","","","","","","","","","","","","",""
"        Estimate","67.2%","","44.8%","75.6%","86.0%","84.7%","72.7%","32.5%","7.3%","","67.2%","67.3%","66.0%","57.8%","67.0%","93.5%","72.4%","61.8%","68.9%","67.2%","81.1%","","83.7%","78.6%","74.0%","","52.2%","","44.4%","","81.9%","59.6%","78.9%","82.7%","87.5%","","(X)"
"        Margin of Error","±0.3","","±1.5","±1.2","±0.5","±0.6","±0.9","±1.1","±0.7","","±0.3","±0.3","±4.6","±7.1","±3.3","±8.0","±8.7","±2.7","±3.4","±0.3","±0.3","","±0.6","±0.5","±1.8","","±1.5","","±1.4","","±0.3","±2.2","±0.6","±0.6","±0.5","","(X)"
"    Employed","","","","","","","","","","","","","","","","","","","","","","","","","","","","","","","","","","","","",""
"        Estimate","62.9%","","37.5%","66.0%","80.7%","80.8%","69.4%","31.6%","7.0%","","63.0%","63.1%","57.4%","52.5%","62.5%","85.2%","68.5%","53.2%","63.0%","63.1%","76.2%","","78.1%","74.4%","68.5%","","38.8%","","36.2%","","77.6%","51.2%","73.2%","78.4%","85.1%","","(X)"
"        Margin of Error","±0.3","","±1.4","±1.3","±0.6","±0.6","±0.9","±1.1","±0.7","","±0.3","±0.3","±4.5","±6.8","±3.7","±13.5","±9.4","±3.3","±3.3","±0.3","±0.3","","±0.6","±0.5","±2.0","","±1.3","","±1.3","","±0.3","±2.3","±0.7","±0.7","±0.6","","(X)"
"    Unemployment rate","","","","","","","","","","","","","","","","","","","","","","","","","","","","","","","","","","","","",""
"        Estimate","6.2%","","16.3%","12.6%","5.9%","4.4%","4.4%","2.8%","4.0%","","6.1%","6.1%","13.1%","8.5%","6.7%","8.9%","4.1%","13.6%","8.4%","6.0%","5.9%","","6.5%","5.4%","7.3%","","25.6%","","18.4%","","5.1%","14.0%","7.2%","4.9%","2.7%","","(X)"
"        Margin of Error","±0.2","","±2.0","±1.4","±0.4","±0.4","±0.4","±0.6","±1.9","","±0.2","±0.2","±3.8","±4.8","±2.7","±11.3","±3.8","±2.8","±2.0","±0.2","±0.2","","±0.3","±0.4","±1.3","","±1.6","","±1.8","","±0.2","±1.9","±0.4","±0.4","±0.3","","(X)"
"Virginia","","","","","","","","","","","","","","","","","","","","","","","","","","","","","","","","","","","","",""
"    Total","","","","","","","","","","","","","","","","","","","","","","","","","","","","","","","","","","","","",""
"        Estimate","6,531,424","","444,447","585,852","2,236,607","1,198,183","1,005,287","614,708","446,340","","6,392,575","4,625,989","1,234,547","19,791","378,717","4,500","129,031","138,849","485,892","4,310,463","5,025,929","","2,487,766","2,538,163","402,763","","523,592","","448,709","","4,440,077","439,874","1,062,241","1,257,344","1,680,618","","6.3%"
"        Margin of Error","±1,968","","±2,834","±2,455","±2,031","±1,540","±837","±802","±712","","±3,694","±4,954","±2,484","±1,442","±2,109","±433","±4,331","±3,625","±905","±1,401","±2,216","","±1,714","±1,710","±4,381","","±7,190","","±5,047","","±1,788","±5,679","±8,316","±7,441","±11,005","","(X)"
"    In labor force","","","","","","","","","","","","","","","","","","","","","","","","","","","","","","","","","","","","",""
"        Estimate","66.4%","","37.2%","74.3%","84.1%","82.1%","67.1%","27.6%","6.5%","","66.4%","65.9%","65.5%","65.4%","70.1%","79.0%","78.2%","69.5%","77.1%","65.2%","79.1%","","83.9%","74.4%","69.2%","","51.6%","","42.9%","","79.7%","60.8%","74.8%","80.9%","86.9%","","(X)"
"        Margin of Error","±0.1","","±0.5","±0.5","±0.2","±0.2","±0.3","±0.3","±0.2","","±0.1","±0.1","±0.3","±2.7","±0.5","±4.8","±0.8","±0.9","±0.4","±0.1","±0.1","","±0.2","±0.2","±0.5","","±0.6","","±0.6","","±0.1","±0.5","±0.3","±0.3","±0.2","","(X)"
"    Employed","","","","","","","","","","","","","","","","","","","","","","","","","","","","","","","","","","","","",""
"        Estimate","60.3%","","27.1%","59.5%","76.2%","77.4%","64.0%","26.6%","6.3%","","60.3%","60.6%","56.5%","56.6%","65.7%","59.8%","70.8%","60.3%","69.2%","60.0%","72.1%","","75.1%","69.2%","62.5%","","37.3%","","36.2%","","73.8%","53.7%","68.5%","73.8%","82.4%","","(X)"
"        Margin of Error","±0.1","","±0.5","±0.6","±0.2","±0.3","±0.4","±0.3","±0.2","","±0.1","±0.2","±0.3","±3.1","±0.5","±5.6","±0.8","±1.0","±0.4","±0.2","±0.2","","±0.2","±0.2","±0.5","","±0.6","","±0.6","","±0.2","±0.5","±0.3","±0.3","±0.2","","(X)"
"    Unemployment rate","","","","","","","","","","","","","","","","","","","","","","","","","","","","","","","","","","","","",""
"        Estimate","6.9%","","24.2%","13.9%","6.2%","4.9%","4.5%","3.6%","4.0%","","6.9%","5.7%","11.7%","8.7%","5.3%","9.1%","7.5%","10.1%","7.1%","5.6%","6.4%","","6.6%","6.2%","8.6%","","27.5%","","14.9%","","5.5%","11.6%","7.5%","5.9%","3.0%","","(X)"
"        Margin of Error","±0.1","","±0.8","±0.5","±0.1","±0.2","±0.2","±0.3","±0.8","","±0.1","±0.1","±0.3","±1.9","±0.3","±3.5","±0.7","±0.8","±0.3","±0.1","±0.1","","±0.1","±0.1","±0.4","","±0.8","","±0.6","","±0.1","±0.4","±0.2","±0.1","±0.1","","(X)"
"Washington","","","","","","","","","","","","","","","","","","","","","","","","","","","","","","","","","","","","",""
"    Total","","","","","","","","","","","","","","","","","","","","","","","","","","","","","","","","","","","","",""
"        Estimate","5,488,038","","358,892","483,342","1,891,051","964,381","881,881","523,311","385,180","","5,294,298","4,396,846","192,180","71,831","424,334","31,481","177,626","193,740","524,078","4,093,412","4,220,655","","2,126,914","2,093,741","335,595","","526,431","","445,677","","3,737,313","342,953","829,926","1,326,059","1,238,375","","5.6%"
"        Margin of Error","±1,507","","±1,697","±1,002","±884","±672","±438","±448","±464","","±3,719","±4,019","±1,991","±1,477","±2,031","±680","±3,961","±3,265","±736","±1,492","±1,066","","±755","±753","±3,310","","±6,862","","±4,381","","±938","±4,635","±6,816","±6,190","±9,025","","(X)"
"    In labor force","","","","","","","","","","","","","","","","","","","","","","","","","","","","","","","","","","","","",""
"        Estimate","64.7%","","36.3%","76.3%","82.0%","80.9%","65.7%","23.9%","4.8%","","64.7%","64.2%","66.3%","57.0%","66.2%","69.2%","72.6%","66.6%","71.1%","63.7%","77.7%","","83.4%","71.9%","62.7%","","51.9%","","44.5%","","77.8%","64.0%","73.6%","77.6%","84.8%","","(X)"
"        Margin of Error","±0.1","","±0.5","±0.6","±0.2","±0.3","±0.3","±0.3","±0.2","","±0.1","±0.1","±0.8","±1.2","±0.4","±1.6","±0.9","±0.8","±0.5","±0.1","±0.2","","±0.2","±0.2","±0.7","","±0.5","","±0.5","","±0.2","±0.7","±0.3","±0.2","±0.2","","(X)"
"    Employed","","","","","","","","","","","","","","","","","","","","","","","","","","","","","","","","","","","","",""
"        Estimate","58.2%","","25.9%","62.0%","73.9%","75.3%","61.6%","22.5%","4.5%","","58.3%","58.1%","54.6%","47.6%","61.0%","57.4%","63.0%","57.0%","62.1%","57.8%","70.3%","","74.4%","66.1%","56.5%","","36.7%","","36.6%","","71.4%","55.5%","65.8%","70.4%","80.5%","","(X)"
"        Margin of Error","±0.1","","±0.5","±0.6","±0.3","±0.3","±0.3","±0.3","±0.2","","±0.1","±0.2","±0.9","±1.3","±0.5","±1.8","±0.8","±0.9","±0.5","±0.2","±0.2","","±0.2","±0.2","±0.6","","±0.6","","±0.6","","±0.2","±0.7","±0.3","±0.2","±0.3","","(X)"
"    Unemployment rate","","","","","","","","","","","","","","","","","","","","","","","","","","","","","","","","","","","","",""
"        Estimate","8.8%","","27.6%","15.4%","8.0%","6.7%","6.3%","6.1%","5.5%","","8.7%","8.3%","14.0%","15.7%","7.0%","15.0%","12.2%","13.1%","11.1%","8.1%","8.2%","","8.6%","7.7%","9.5%","","29.1%","","17.1%","","7.3%","13.3%","9.8%","7.8%","4.2%","","(X)"
"        Margin of Error","±0.1","","±0.9","±0.5","±0.2","±0.2","±0.3","±0.4","±1.1","","±0.1","±0.1","±0.8","±1.4","±0.4","±2.1","±0.8","±0.8","±0.5","±0.1","±0.1","","±0.2","±0.2","±0.5","","±0.8","","±0.7","","±0.1","±0.6","±0.3","±0.2","±0.1","","(X)"
"West Virginia","","","","","","","","","","","","","","","","","","","","","","","","","","","","","","","","","","","","",""
"    Total","","","","","","","","","","","","","","","","","","","","","","","","","","","","","","","","","","","","",""
"        Estimate","1,513,749","","91,885","123,250","452,942","263,350","270,697","175,725","135,900","","1,492,537","1,426,007","48,674","2,717","11,089","483","3,567","21,212","17,033","1,413,980","1,110,239","","554,869","555,370","76,078","","193,148","","193,702","","986,989","119,929","397,041","267,045","202,974","","5.1%"
"        Margin of Error","±806","","±951","±785","±927","±663","±540","±432","±349","","±1,264","±996","±826","±490","±459","±188","±547","±1,062","±340","±776","±897","","±799","±707","±1,913","","±3,719","","±2,988","","±774","±3,060","±4,565","±2,932","±3,527","","(X)"
"    In labor force","","","","","","","","","","","","","","","","","","","","","","","","","","","","","","","","","","","","",""
"        Estimate","54.3%","","34.3%","66.8%","75.4%","71.1%","51.9%","18.4%","4.7%","","54.3%","54.4%","49.6%","31.5%","63.1%","63.8%","62.3%","51.6%","57.9%","54.4%","67.7%","","72.7%","62.6%","60.5%","","40.0%","","29.9%","","67.8%","39.8%","64.6%","72.0%","84.9%","","(X)"
"        Margin of Error","±0.3","","±1.0","±1.0","±0.4","±0.6","±0.7","±0.6","±0.3","","±0.3","±0.3","±1.4","±5.1","±3.3","±14.7","±6.0","±2.2","±2.7","±0.3","±0.3","","±0.4","±0.4","±1.4","","±0.9","","±0.7","","±0.3","±1.0","±0.5","±0.6","±0.5","","(X)"
"    Employed","","","","","","","","","","","","","","","","","","","","","","","","","","","","","","","","","","","","",""
"        Estimate","49.8%","","25.2%","57.6%","68.9%","66.9%","49.3%","17.7%","4.5%","","49.8%","50.0%","43.6%","25.7%","57.8%","56.3%","53.5%","44.6%","52.4%","50.0%","62.4%","","66.2%","58.6%","55.1%","","29.1%","","25.5%","","63.0%","33.6%","59.2%","67.3%","82.2%","","(X)"
"        Margin of Error","±0.3","","±0.9","±1.1","±0.5","±0.7","±0.6","±0.6","±0.3","","±0.3","±0.3","±1.4","±5.8","±3.7","±16.1","±6.4","±2.2","±2.6","±0.3","±0.3","","±0.4","±0.5","±1.3","","±0.8","","±0.6","","±0.4","±1.0","±0.5","±0.6","±0.5","","(X)"
"    Unemployment rate","","","","","","","","","","","","","","","","","","","","","","","","","","","","","","","","","","","","",""
"        Estimate","8.2%","","26.7%","13.6%","8.3%","5.8%","4.9%","3.8%","3.4%","","8.1%","8.0%","11.9%","18.6%","8.2%","11.7%","14.2%","13.3%","9.4%","7.9%","7.6%","","8.7%","6.4%","8.8%","","27.2%","","14.5%","","6.9%","15.6%","8.3%","6.3%","3.0%","","(X)"
"        Margin of Error","±0.2","","±1.8","±0.8","±0.4","±0.4","±0.4","±0.8","±1.0","","±0.2","±0.2","±1.5","±9.5","±2.6","±13.9","±6.3","±2.3","±2.2","±0.2","±0.2","","±0.3","±0.3","±1.0","","±1.2","","±0.9","","±0.2","±1.2","±0.4","±0.4","±0.3","","(X)"
"Wisconsin","","","","","","","","","","","","","","","","","","","","","","","","","","","","","","","","","","","","",""
"    Total","","","","","","","","","","","","","","","","","","","","","","","","","","","","","","","","","","","","",""
"        Estimate","4,561,244","","316,819","393,430","1,431,761","847,881","747,354","439,787","384,212","","4,500,740","4,043,565","255,525","36,813","100,582","1,115","63,140","60,504","225,948","3,895,760","3,420,426","","1,721,172","1,699,254","261,043","","412,240","","322,050","","3,026,996","226,217","895,694","1,016,040","889,045","","5.2%"
"        Margin of Error","±1,325","","±1,574","±835","±930","±653","±508","±442","±372","","±2,481","±3,018","±1,319","±762","±840","±236","±2,541","±1,860","±372","±1,113","±983","","±802","±610","±2,996","","±5,636","","±3,282","","±968","±3,171","±5,752","±4,928","±6,575","","(X)"
"    In labor force","","","","","","","","","","","","","","","","","","","","","","","","","","","","","","","","","","","","",""
"        Estimate","67.4%","","49.0%","80.4%","86.5%","85.4%","68.5%","24.4%","5.8%","","67.5%","67.9%","59.8%","63.6%","67.4%","70.5%","72.2%","66.9%","71.1%","67.8%","81.6%","","84.4%","78.8%","76.0%","","59.2%","","46.9%","","81.8%","61.4%","78.8%","83.7%","87.8%","","(X)"
"        Margin of Error","±0.1","","±0.6","±0.5","±0.2","±0.2","±0.3","±0.3","±0.2","","±0.1","±0.1","±0.5","±1.3","±0.9","±8.9","±1.3","±1.3","±0.7","±0.1","±0.1","","±0.2","±0.2","±0.5","","±0.6","","±0.5","","±0.1","±0.6","±0.2","±0.2","±0.2","","(X)"
"    Employed","","","","","","","","","","","","","","","","","","","","","","","","","","","","","","","","","","","","",""
"        Estimate","62.5%","","40.3%","71.0%","80.6%","80.5%","64.9%","23.2%","5.5%","","62.6%","63.5%","48.1%","54.4%","62.9%","64.4%","64.9%","57.4%","63.8%","63.5%","76.0%","","78.0%","74.1%","70.1%","","44.1%","","39.2%","","76.7%","52.6%","72.6%","78.4%","85.0%","","(X)"
"        Margin of Error","±0.1","","±0.6","±0.6","±0.2","±0.2","±0.3","±0.3","±0.2","","±0.1","±0.1","±0.7","±1.4","±1.0","±9.4","±1.5","±1.4","±0.7","±0.1","±0.2","","±0.2","±0.2","±0.6","","±0.5","","±0.5","","±0.2","±0.7","±0.3","±0.3","±0.2","","(X)"
"    Unemployment rate","","","","","","","","","","","","","","","","","","","","","","","","","","","","","","","","","","","","",""
"        Estimate","7.2%","","17.7%","11.5%","6.7%","5.6%","5.4%","4.9%","4.3%","","7.1%","6.3%","19.5%","14.4%","6.6%","8.7%","10.2%","14.0%","10.3%","6.2%","6.7%","","7.5%","5.9%","7.8%","","25.5%","","16.2%","","6.1%","14.4%","7.9%","6.1%","3.1%","","(X)"
"        Margin of Error","±0.1","","±0.6","±0.4","±0.2","±0.2","±0.2","±0.4","±0.7","","±0.1","±0.1","±0.8","±1.2","±0.7","±4.6","±1.2","±1.1","±0.5","±0.1","±0.1","","±0.1","±0.1","±0.4","","±0.6","","±0.6","","±0.1","±0.6","±0.2","±0.2","±0.1","","(X)"
"Wyoming","","","","","","","","","","","","","","","","","","","","","","","","","","","","","","","","","","","","",""
"    Total","","","","","","","","","","","","","","","","","","","","","","","","","","","","","","","","","","","","",""
"        Estimate","453,096","","30,277","41,721","149,554","78,030","78,291","43,430","31,793","","444,156","416,613","4,749","8,976","4,499","310","9,009","8,940","36,986","392,644","347,596","","179,220","168,376","28,463","","37,491","","36,032","","305,875","19,710","86,129","121,227","78,809","","5.9%"
"        Margin of Error","±617","","±667","±506","±809","±507","±302","±294","±225","","±889","±1,068","±364","±508","±409","±190","±757","±713","±213","±469","±673","","±626","±533","±1,086","","±1,463","","±1,216","","±696","±977","±1,919","±1,960","±1,841","","(X)"
"    In labor force","","","","","","","","","","","","","","","","","","","","","","","","","","","","","","","","","","","","",""
"        Estimate","68.4%","","47.1%","77.5%","84.8%","85.3%","70.2%","29.5%","7.6%","","68.4%","68.5%","62.1%","63.6%","67.1%","79.4%","74.2%","67.1%","71.1%","68.3%","80.7%","","86.0%","75.1%","67.1%","","57.8%","","54.9%","","81.2%","69.4%","78.6%","81.6%","86.2%","","(X)"
"        Margin of Error","±0.4","","±1.6","±2.0","±0.7","±0.8","±1.0","±1.5","±0.9","","±0.4","±0.4","±6.2","±2.7","±4.5","±17.8","±3.7","±3.5","±1.6","±0.4","±0.5","","±0.5","±0.8","±2.2","","±2.0","","±1.9","","±0.4","±2.4","±1.0","±0.7","±0.7","","(X)"
"    Employed","","","","","","","","","","","","","","","","","","","","","","","","","","","","","","","","","","","","",""
"        Estimate","64.3%","","39.4%","68.3%","79.6%","82.1%","68.0%","28.7%","7.3%","","64.5%","64.8%","48.6%","52.1%","62.5%","78.1%","69.9%","58.8%","65.3%","64.8%","76.2%","","80.5%","71.6%","63.5%","","48.3%","","48.7%","","77.3%","62.0%","74.5%","77.6%","83.7%","","(X)"
"        Margin of Error","±0.4","","±1.5","±1.9","±0.8","±0.9","±1.0","±1.5","±0.8","","±0.4","±0.4","±6.1","±3.0","±4.8","±18.2","±4.3","±4.0","±1.6","±0.4","±0.5","","±0.7","±0.8","±2.1","","±1.9","","±1.8","","±0.5","±2.6","±1.1","±0.8","±0.7","","(X)"
"    Unemployment rate","","","","","","","","","","","","","","","","","","","","","","","","","","","","","","","","","","","","",""
"        Estimate","5.2%","","15.3%","9.3%","5.1%","3.6%","3.0%","2.8%","3.9%","","5.1%","4.7%","15.4%","18.0%","5.3%","1.6%","3.8%","11.1%","7.0%","4.6%","4.8%","","5.2%","4.3%","5.1%","","16.2%","","10.9%","","4.2%","10.7%","5.1%","4.1%","2.2%","","(X)"
"        Margin of Error","±0.3","","±2.1","±1.5","±0.5","±0.5","±0.6","±0.8","±2.4","","±0.3","±0.4","±7.4","±3.2","±3.5","±2.6","±1.7","±3.0","±1.2","±0.3","±0.4","","±0.5","±0.4","±1.1","","±1.9","","±2.0","","±0.3","±2.1","±0.5","±0.4","±0.5","","(X)"
"Puerto Rico","","","","","","","","","","","","","","","","","","","","","","","","","","","","","","","","","","","","",""
"    Total","","","","","","","","","","","","","","","","","","","","","","","","","","","","","","","","","","","","",""
"        Estimate","2,911,026","","216,653","262,898","934,794","476,691","437,860","334,971","247,159","","2,607,761","2,038,177","241,167","8,593","8,880","122","310,822","303,265","2,879,815","21,433","2,112,243","","1,004,672","1,107,571","143,111","","869,185","","385,392","","1,849,345","376,299","512,569","462,495","497,982","","6.1%"
"        Margin of Error","±1,359","","±1,391","±279","±172","±123","*****","*****","*****","","±5,543","±7,863","±4,528","±835","±922","±74","±5,970","±5,022","±1,830","±1,110","±263","","±176","±210","±2,349","","±7,123","","±4,028","","±177","±4,455","±4,534","±4,728","±4,362","","(X)"
"    In labor force","","","","","","","","","","","","","","","","","","","","","","","","","","","","","","","","","","","","",""
"        Estimate","45.5%","","15.5%","51.1%","72.3%","61.4%","34.4%","9.5%","2.8%","","45.1%","43.8%","49.3%","51.6%","55.6%","37.7%","49.9%","49.3%","45.5%","48.9%","59.3%","","65.6%","53.6%","61.0%","","42.7%","","29.5%","","60.5%","35.3%","54.6%","67.1%","79.4%","","(X)"
"        Margin of Error","±0.2","","±0.5","±0.8","±0.4","±0.5","±0.5","±0.3","±0.2","","±0.2","±0.3","±0.7","±3.4","±3.7","±26.6","±0.6","±0.7","±0.2","±2.7","±0.2","","±0.4","±0.3","±1.0","","±0.4","","±0.6","","±0.2","±0.6","±0.5","±0.5","±0.4","","(X)"
"    Employed","","","","","","","","","","","","","","","","","","","","","","","","","","","","","","","","","","","","",""
"        Estimate","37.1%","","5.9%","33.4%","59.8%","53.0%","30.4%","8.9%","2.7%","","36.7%","36.0%","39.0%","40.2%","46.1%","28.7%","39.7%","40.7%","37.1%","39.6%","48.9%","","53.9%","44.3%","47.3%","","25.5%","","23.0%","","51.1%","25.0%","43.2%","57.2%","73.1%","","(X)"
"        Margin of Error","±0.2","","±0.4","±0.7","±0.4","±0.6","±0.4","±0.3","±0.2","","±0.2","±0.2","±0.7","±3.5","±3.5","±25.6","±0.7","±0.7","±0.2","±2.4","±0.2","","±0.4","±0.3","±1.0","","±0.3","","±0.6","","±0.2","±0.5","±0.5","±0.6","±0.4","","(X)"
"    Unemployment rate","","","","","","","","","","","","","","","","","","","","","","","","","","","","","","","","","","","","",""
"        Estimate","18.3%","","62.1%","34.5%","17.2%","13.6%","11.6%","6.6%","5.8%","","18.5%","17.8%","20.9%","22.1%","17.0%","23.9%","20.5%","17.4%","18.4%","17.7%","17.5%","","17.6%","17.5%","22.4%","","40.1%","","21.8%","","15.5%","29.4%","20.8%","14.6%","7.8%","","(X)"
"        Margin of Error","±0.2","","±1.9","±1.0","±0.3","±0.4","±0.5","±0.8","±1.8","","±0.2","±0.3","±1.0","±4.3","±3.2","±38.3","±0.8","±0.8","±0.2","±3.1","±0.2","","±0.3","±0.3","±1.0","","±0.6","","±1.0","","±0.2","±1.0","±0.5","±0.5","±0.3","","(X)"